Brand,Series,Generation,Specification,Original Power,Original Couple,After Tuning Power,After Tuning Couple,Difference Power,Difference Couple
AFM-LOGMAN,801 H4,All,4.9 SISU 49CWA 163HP 163 hp,163 hp,199 hp,+36 hp
AFM-LOGMAN,811 F,All,4.9 SISU 49CWA 163HP 163 hp,163 hp,198 hp,+35 hp
AFM-LOGMAN,811 H,All,4.9 SISU 49CWA 163HP 163 hp,163 hp,192 hp,+29 hp
AFM-LOGMAN,821 H,All,6.6 SISU 66CTA 194HP 194 hp,194 hp,237 hp,+43 hp
AGCO,ROGATOR 1084 SSC,All,7.2 CAT C7 275HP 275 hp,275 hp,327 hp,+52 hp
AGCO,ROGATOR 1194,All,7.2 CAT C7 277HP 277 hp,277 hp,333 hp,+56 hp
AGCO,ROGATOR 1194H,All,7.2 CAT C7 277HP 277 hp,277 hp,331 hp,+54 hp
AGCO,ROGATOR 1367,All,7.2 CAT C7 316HP 316 hp,316 hp,383 hp,+67 hp
AGCO,ROGATOR 994,All,7.2 CAT C7 277HP 277 hp,277 hp,332 hp,+55 hp
AGCO,ROGATOR 994H,All,7.2 CAT C7 253HP 253 hp,253 hp,304 hp,+51 hp
Alfa Romeo,147,2001 -> 2005,1.9Jtd 100 hp,100 hp,138 hp,+38 hp
Alfa Romeo,147,2001 -> 2005,1.9Jtd 115 hp,115 hp,145 hp,+30 hp
Alfa Romeo,147,2001 -> 2005,1.9Jtd 136 hp,136 hp,176 hp,+40 hp
Alfa Romeo,147,2001 -> 2005,1.9Jtd 140 hp,140 hp,177 hp,+37 hp
Alfa Romeo,147,2001 -> 2005,2.0 TS 150 hp,150 hp,163 hp,+13 hp
Alfa Romeo,147,2001 -> 2005,3.2 V6 GTA 250 hp,250 hp,266 hp,+16 hp
Alfa Romeo,147,2005 -> ...,1.9Jtd 100 hp,100 hp,138 hp,+38 hp
Alfa Romeo,147,2005 -> ...,1.9Jtd 115 hp,115 hp,147 hp,+32 hp
Alfa Romeo,147,2005 -> ...,1.9Jtd 120 hp,120 hp,151 hp,+31 hp
Alfa Romeo,147,2005 -> ...,1.9Jtd 126 hp,126 hp,180 hp,+54 hp
Alfa Romeo,147,2005 -> ...,1.9Jtd 136 hp,136 hp,171 hp,+35 hp
Alfa Romeo,147,2005 -> ...,1.9Jtd 140 hp,140 hp,174 hp,+34 hp
Alfa Romeo,147,2005 -> ...,1.9Jtd 150 hp,150 hp,187 hp,+37 hp
Alfa Romeo,147,2005 -> ...,1.9Jtd 170 hp,170 hp,185 hp,+15 hp
Alfa Romeo,147,2005 -> ...,2.0 TS 150 hp,150 hp,165 hp,+15 hp
Alfa Romeo,147,2005 -> ...,3.2 V6 GTA 250 hp,250 hp,277 hp,+27 hp
Alfa Romeo,156,1997 -> 2003,1.9Jtd 105 hp,105 hp,134 hp,+29 hp
Alfa Romeo,156,1997 -> 2003,1.9Jtd 110 hp,110 hp,136 hp,+26 hp
Alfa Romeo,156,1997 -> 2003,1.9Jtd 115 hp,115 hp,145 hp,+30 hp
Alfa Romeo,156,1997 -> 2003,1.9Jtd 136 hp,136 hp,173 hp,+37 hp
Alfa Romeo,156,1997 -> 2003,1.9Jtd 140 hp,140 hp,176 hp,+36 hp
Alfa Romeo,156,1997 -> 2003,2.4Jtd 136 hp,136 hp,171 hp,+35 hp
Alfa Romeo,156,1997 -> 2003,2.4Jtd 140 hp,140 hp,167 hp,+27 hp
Alfa Romeo,156,1997 -> 2003,2.4Jtd 150 hp,150 hp,190 hp,+40 hp
Alfa Romeo,156,1997 -> 2003,2.5 V6 190 hp,190 hp,203 hp,+13 hp
Alfa Romeo,156,1997 -> 2003,3.2 V6 GTA 250 hp,250 hp,267 hp,+17 hp
Alfa Romeo,156,2002 -> 2005,1.9 jtd 126 hp,126 hp,174 hp,+48 hp
Alfa Romeo,156,2002 -> 2005,1.9Jtd 115 hp,115 hp,146 hp,+31 hp
Alfa Romeo,156,2002 -> 2005,1.9Jtd 136 hp,136 hp,177 hp,+41 hp
Alfa Romeo,156,2002 -> 2005,1.9Jtd 140 hp,140 hp,173 hp,+33 hp
Alfa Romeo,156,2002 -> 2005,1.9Jtd 150 hp,150 hp,184 hp,+34 hp
Alfa Romeo,156,2002 -> 2005,2.4Jtd 163 hp,163 hp,221 hp,+58 hp
Alfa Romeo,156,2002 -> 2005,2.4Jtd 175 hp,175 hp,221 hp,+46 hp
Alfa Romeo,159,2005 -> ...,1.9Jtd 115 hp,115 hp,146 hp,+31 hp
Alfa Romeo,159,2005 -> ...,1.9Jtd 120 hp,120 hp,151 hp,+31 hp
Alfa Romeo,159,2005 -> ...,1.9Jtd 136 hp,136 hp,183 hp,+47 hp
Alfa Romeo,159,2005 -> ...,1.9Jtd 150 hp,150 hp,175 hp,+25 hp
Alfa Romeo,159,2005 -> ...,1750 TB 200 hp,200 hp,255 hp,+55 hp
Alfa Romeo,159,2005 -> ...,2.0Jtdm 136 hp,136 hp,185 hp,+49 hp
Alfa Romeo,159,2005 -> ...,2.0Jtdm 140 hp,140 hp,182 hp,+42 hp
Alfa Romeo,159,2005 -> ...,2.0Jtdm 163 hp,163 hp,195 hp,+32 hp
Alfa Romeo,159,2005 -> ...,2.0Jtdm 170 hp,170 hp,204 hp,+34 hp
Alfa Romeo,159,2005 -> ...,2.4Jtd 200 hp,200 hp,231 hp,+31 hp
Alfa Romeo,159,2005 -> ...,2.4Jtd 210 hp,210 hp,236 hp,+26 hp
Alfa Romeo,159,2005 -> ...,3.2 Q4 JTS 260 hp,260 hp,275 hp,+15 hp
Alfa Romeo,166,1999 -> 2002,2.4 Jtd 136 hp,136 hp,173 hp,+37 hp
Alfa Romeo,166,1999 -> 2002,2.4 Jtd 140 hp,140 hp,165 hp,+25 hp
Alfa Romeo,166,1999 -> 2002,2.4 Jtd 150 hp,150 hp,180 hp,+30 hp
Alfa Romeo,166,2003 -> 2010,2.4 Jtd 150 hp,150 hp,184 hp,+34 hp
Alfa Romeo,166,2003 -> 2010,2.4 Jtd 163 hp,163 hp,220 hp,+57 hp
Alfa Romeo,166,2003 -> 2010,2.4 Jtd 175 hp,175 hp,222 hp,+47 hp
Alfa Romeo,4C,2013 -> ...,1750 TBi 240 hp,240 hp,253 hp,+13 hp
Alfa Romeo,Brera,06/2006 -> 07/2008,2.4 Jtdm 20V 200 hp,200 hp,239 hp,+39 hp
Alfa Romeo,Brera,07/2008 -> ...,1750 TBi 200 hp,200 hp,255 hp,+55 hp
Alfa Romeo,Brera,07/2008 -> ...,2.0 Jtdm 163 hp,163 hp,197 hp,+34 hp
Alfa Romeo,Brera,07/2008 -> ...,2.0 Jtdm 170 hp,170 hp,200 hp,+30 hp
Alfa Romeo,Brera,07/2008 -> ...,2.4 Jtdm 20v 200 hp,200 hp,245 hp,+45 hp
Alfa Romeo,Brera,07/2008 -> ...,2.4 Jtdm 20v 210 hp,210 hp,234 hp,+24 hp
Alfa Romeo,Brera,07/2008 -> ...,3.2 V6 260 hp,260 hp,272 hp,+12 hp
Alfa Romeo,CrossWagon,All,1.9 Jtd 150 hp,150 hp,190 hp,+40 hp
Alfa Romeo,Giulia,2016 -> ...,2.0 TB 200 hp,200 hp,314 hp,+114 hp
Alfa Romeo,Giulia,2016 -> ...,2.2 JTD 136 hp,136 hp,217 hp,+81 hp
Alfa Romeo,Giulia,2016 -> ...,2.2 JTD 150 hp,150 hp,216 hp,+66 hp
Alfa Romeo,Giulia,2016 -> ...,2.2 JTD 180 hp,180 hp,217 hp,+37 hp
Alfa Romeo,Giulia,2016 -> ...,2.2 JTD 210 hp,210 hp,232 hp,+22 hp
Alfa Romeo,Giulia,2016 -> ...,Q4 Veloce - 2.0 TB 280 hp,280 hp,308 hp,+28 hp
Alfa Romeo,Giulia,2016 -> ...,Quadrifoglio - 2.9 V6 Turbo 510 hp,510 hp,556 hp,+46 hp
Alfa Romeo,Giulia,2016 -> 2018,2.0 TB 200 hp,200 hp,313 hp,+113 hp
Alfa Romeo,Giulia,2016 -> 2018,2.2 JTD 136 hp,136 hp,222 hp,+86 hp
Alfa Romeo,Giulia,2016 -> 2018,2.2 JTD 150 hp,150 hp,223 hp,+73 hp
Alfa Romeo,Giulia,2016 -> 2018,2.2 JTD 180 hp,180 hp,221 hp,+41 hp
Alfa Romeo,Giulia,2016 -> 2018,2.2 JTD 210 hp,210 hp,235 hp,+25 hp
Alfa Romeo,Giulia,2016 -> 2018,Q4 Veloce - 2.0 TB 280 hp,280 hp,310 hp,+30 hp
Alfa Romeo,Giulia,2016 -> 2018,Quadrifoglio - 2.9 V6 Turbo 510 hp,510 hp,560 hp,+50 hp
Alfa Romeo,Giulietta,03/2016 -> ...,1.4 Multiair 150 hp,150 hp,187 hp,+37 hp
Alfa Romeo,Giulietta,03/2016 -> ...,1.4 Multiair 170 hp,170 hp,184 hp,+14 hp
Alfa Romeo,Giulietta,03/2016 -> ...,1.4 T-Jet 120 hp,120 hp,159 hp,+39 hp
Alfa Romeo,Giulietta,03/2016 -> ...,1.6 JTDM 120 hp,120 hp,149 hp,+29 hp
Alfa Romeo,Giulietta,03/2016 -> ...,1750 TBi 240 hp,240 hp,255 hp,+15 hp
Alfa Romeo,Giulietta,03/2016 -> ...,2.0 JTDM 150 hp,150 hp,184 hp,+34 hp
Alfa Romeo,Giulietta,03/2016 -> ...,2.0 JTDM 175 hp,175 hp,200 hp,+25 hp
Alfa Romeo,Giulietta,2010 - 2016,1.4 T-jet 120 hp,120 hp,159 hp,+39 hp
Alfa Romeo,Giulietta,2010 - 2016,1.4T 105 hp,105 hp,149 hp,+44 hp
Alfa Romeo,Giulietta,2010 - 2016,1.4T Multiair 120 hp,120 hp,149 hp,+29 hp
Alfa Romeo,Giulietta,2010 - 2016,1.4T Multiair 150 hp,150 hp,190 hp,+40 hp
Alfa Romeo,Giulietta,2010 - 2016,1.4T Multiair 163 hp,163 hp,178 hp,+15 hp
Alfa Romeo,Giulietta,2010 - 2016,1.4T Multiair 170 hp,170 hp,183 hp,+13 hp
Alfa Romeo,Giulietta,2010 - 2016,1.6 Jtdm 105 hp,105 hp,131 hp,+26 hp
Alfa Romeo,Giulietta,2010 - 2016,1750 TBi 235 hp,235 hp,250 hp,+15 hp
Alfa Romeo,Giulietta,2010 - 2016,1750 TBi QV 240 hp,240 hp,258 hp,+18 hp
Alfa Romeo,Giulietta,2010 - 2016,2.0 Jtdm 140 hp,140 hp,182 hp,+42 hp
Alfa Romeo,Giulietta,2010 - 2016,2.0 Jtdm 163 hp,163 hp,200 hp,+37 hp
Alfa Romeo,Giulietta,2010 - 2016,2.0 Jtdm 136 hp,136 hp,185 hp,+49 hp
Alfa Romeo,Giulietta,2010 - 2016,2.0 Jtdm 150 hp,150 hp,182 hp,+32 hp
Alfa Romeo,Giulietta,2010 - 2016,2.0 Jtdm 170 hp,170 hp,200 hp,+30 hp
Alfa Romeo,Giulietta,2010 - 2016,2.0 Jtdm 175 hp,175 hp,208 hp,+33 hp
Alfa Romeo,GT,All,1.9 JTD 150 hp,150 hp,188 hp,+38 hp
Alfa Romeo,GT,All,1.9 JTD 170 hp,170 hp,195 hp,+25 hp
Alfa Romeo,GT,All,2.0 JTS 165 hp,165 hp,181 hp,+16 hp
Alfa Romeo,GT,All,3.2 V6 240 hp,240 hp,266 hp,+26 hp
Alfa Romeo,MiTo,09/2008 -> 2016,0.9 TwinAir 85 hp,85 hp,96 hp,+11 hp
Alfa Romeo,MiTo,09/2008 -> 2016,0.9 TwinAir 105 hp,105 hp,105 hp,+0 hp
Alfa Romeo,MiTo,09/2008 -> 2016,1.3 JTD M-jet 85 hp,85 hp,105 hp,+20 hp
Alfa Romeo,MiTo,09/2008 -> 2016,1.3 JTD M-jet 90 hp,90 hp,114 hp,+24 hp
Alfa Romeo,MiTo,09/2008 -> 2016,1.3 JTD M-jet 95 hp,95 hp,112 hp,+17 hp
Alfa Romeo,MiTo,09/2008 -> 2016,1.4 T-Multiair 135 hp,135 hp,161 hp,+26 hp
Alfa Romeo,MiTo,09/2008 -> 2016,1.4 T-Multiair QV 170 hp,170 hp,182 hp,+12 hp
Alfa Romeo,MiTo,09/2008 -> 2016,1.4 Turbo 115 hp,115 hp,151 hp,+36 hp
Alfa Romeo,MiTo,09/2008 -> 2016,1.4 Turbo 120 hp,120 hp,148 hp,+28 hp
Alfa Romeo,MiTo,09/2008 -> 2016,1.4 Turbo 155 hp,155 hp,170 hp,+15 hp
Alfa Romeo,MiTo,09/2008 -> 2016,1.4 16v 78 hp,78 hp,99 hp,+21 hp
Alfa Romeo,MiTo,09/2008 -> 2016,1.4 16v 95 hp,95 hp,97 hp,+2 hp
Alfa Romeo,MiTo,09/2008 -> 2016,1.4 T-Multiair 163 hp,163 hp,190 hp,+27 hp
Alfa Romeo,MiTo,09/2008 -> 2016,1.6 Jtdm 115 hp,115 hp,140 hp,+25 hp
Alfa Romeo,MiTo,09/2008 -> 2016,1.6 Jtdm 120 hp,120 hp,140 hp,+20 hp
Alfa Romeo,MiTo,2016 -> ...,0.9 TwinAir 105 hp,105 hp,105 hp,+0 hp
Alfa Romeo,MiTo,2016 -> ...,1.3 Multijet 95 hp,95 hp,119 hp,+24 hp
Alfa Romeo,MiTo,2016 -> ...,1.4 Multiair 140 hp,140 hp,169 hp,+29 hp
Alfa Romeo,MiTo,2016 -> ...,1.4 Multiair 170 hp,170 hp,187 hp,+17 hp
Alfa Romeo,Spider,All,1.8 TB 200 hp,200 hp,241 hp,+41 hp
Alfa Romeo,Spider,All,2.0 Jtdm 163 hp,163 hp,190 hp,+27 hp
Alfa Romeo,Spider,All,2.0 Jtdm 170 hp,170 hp,194 hp,+24 hp
Alfa Romeo,Spider,All,2.4 Jtdm 200 hp,200 hp,231 hp,+31 hp
Alfa Romeo,Spider,All,2.4 Jtdm 210 hp,210 hp,241 hp,+31 hp
Alfa Romeo,Spider,All,3.2 V6 260 hp,260 hp,277 hp,+17 hp
Alfa Romeo,Stelvio,2017 -> ...,2.0 TB 200 hp,200 hp,311 hp,+111 hp
Alfa Romeo,Stelvio,2017 -> ...,2.0 TB 280 hp,280 hp,307 hp,+27 hp
Alfa Romeo,Stelvio,2017 -> ...,2.2 JTD 150 hp,150 hp,216 hp,+66 hp
Alfa Romeo,Stelvio,2017 -> ...,2.2 JTD 180 hp,180 hp,223 hp,+43 hp
Alfa Romeo,Stelvio,2017 -> ...,2.2 JTD 210 hp,210 hp,235 hp,+25 hp
Alfa Romeo,Stelvio,2017 -> ...,Quadrifoglio - 2.9 V6 Turbo 510 hp,510 hp,564 hp,+54 hp
Alfa Romeo,Stelvio,2017 -> 2018,2.0 TB 200 hp,200 hp,311 hp,+111 hp
Alfa Romeo,Stelvio,2017 -> 2018,2.0 TB 280 hp,280 hp,315 hp,+35 hp
Alfa Romeo,Stelvio,2017 -> 2018,2.2 JTD 150 hp,150 hp,224 hp,+74 hp
Alfa Romeo,Stelvio,2017 -> 2018,2.2 JTD 180 hp,180 hp,225 hp,+45 hp
Alfa Romeo,Stelvio,2017 -> 2018,2.2 JTD 210 hp,210 hp,225 hp,+15 hp
Alfa Romeo,Stelvio,2017 -> 2018,Quadrifoglio - 2.9 V6 Turbo 510 hp,510 hp,561 hp,+51 hp
Alpina,B3,All,3.5 i 360 hp,360 hp,400 hp,+40 hp
Alpina,B3,All,B3 Biturbo 410 hp,410 hp,445 hp,+35 hp
Alpina,B3 S,All,3.5 i 400 hp,400 hp,452 hp,+52 hp
Alpina,B4,All,B4 Biturbo 410 hp,410 hp,446 hp,+36 hp
Alpina,B5,All,4.4 V8 Supercharged 507 hp,507 hp,522 hp,+15 hp
Alpina,B5,All,B5 Biturbo 540 hp,540 hp,580 hp,+40 hp
Alpina,B6,All,4.4 V8 Bi-turbo 500 hp,500 hp,599 hp,+99 hp
Alpina,B6,All,4.4 V8 Bi-turbo 600 hp,600 hp,677 hp,+77 hp
Alpina,B6,All,B6 Biturbo 540 hp,540 hp,572 hp,+32 hp
Alpina,B6 S,All,4.4 V8 Bi-turbo 530 hp,530 hp,601 hp,+71 hp
Alpina,B7,All,4.4 V8 Bi-turbo 507 hp,507 hp,596 hp,+89 hp
Alpina,B7,All,4.4 V8 Bi-turbo 608 hp,608 hp,683 hp,+75 hp
Alpina,B7,All,B7 Biturbo 540 hp,540 hp,572 hp,+32 hp
Alpina,B7,F01 - 2011 -> 2016,B7 Bi-Turbo 507 hp,507 hp,599 hp,+92 hp
Alpina,B7,F01 - 2011 -> 2016,B7 Bi-Turbo 540 hp,540 hp,575 hp,+35 hp
Alpina,B7,G12 - 2017 -> ...,B7 Bi-Turbo 608 hp,608 hp,677 hp,+69 hp
Alpina,D3,All,2.0d 200 hp,200 hp,232 hp,+32 hp
Alpina,D3,All,2.0d 214 hp,214 hp,260 hp,+46 hp
Alpina,D3,All,D3 Biturbo 350 hp,350 hp,392 hp,+42 hp
Alpina,D4,All,D4 Biturbo 350 hp,350 hp,396 hp,+46 hp
Alpina,D5,2012 -> ...,D5 Biturbo 350 hp,350 hp,396 hp,+46 hp
Alpina,XD3,All,XD3 Biturbo 350 hp,350 hp,394 hp,+44 hp
Alpine,A110,2017 -> ...,1.8T 252 hp,252 hp,275 hp,+23 hp
Aprilia,Dorsoduro,2010 -> ...,750 92 hp,92 hp,103 hp,+11 hp
Aprilia,RSV4,2010 -> ...,RSV4 1000 180 hp,180 hp,183 hp,+3 hp
Aprilia,RSV4,2010 -> ...,RSV4 1000 Factory 180 hp,180 hp,188 hp,+8 hp
Aprilia,RSV4,2015 -> ...,RSV4 1000 RF / RR 201 hp,201 hp,205 hp,+4 hp
Aprilia,Shiver,2008 -> ...,750 95 hp,95 hp,100 hp,+5 hp
Aprilia,SRV 850,All,849cc 76 hp,76 hp,77 hp,+1 hp
Aprilia,Tuono,2010 -> 2015,1000 V4 R APRC 167 hp,167 hp,172 hp,+5 hp
Aprilia,Tuono,2010 -> 2015,1000R 139 hp,139 hp,149 hp,+10 hp
Aprilia,Tuono,2015 -> ...,1000 RR / RF 175 hp,175 hp,177 hp,+2 hp
Aston Martin,DB11,All,4.0 V8 510 hp,510 hp,565 hp,+55 hp
Aston Martin,DB11,All,5.2 V12 BiTurbo 608 hp,608 hp,699 hp,+91 hp
Aston Martin,DB9,All,5.9 V12 455 hp,455 hp,479 hp,+24 hp
Aston Martin,DB9,All,5.9 V12 517 hp,517 hp,543 hp,+26 hp
Aston Martin,DB9,All,6.0 V12 477 hp,477 hp,504 hp,+27 hp
Aston Martin,DBS,All,5.9 V12 517 hp,517 hp,544 hp,+27 hp
Aston Martin,Rapide,All,6.0 V12 477 hp,477 hp,504 hp,+27 hp
Aston Martin,Vantage,... -> 2018,4.0 V8 510 hp,510 hp,567 hp,+57 hp
Aston Martin,Vantage,... -> 2018,4.3 V8 384 hp,384 hp,413 hp,+29 hp
Aston Martin,Vantage,... -> 2018,4.3 V8 400 hp,400 hp,429 hp,+29 hp
Aston Martin,Vantage,... -> 2018,4.7 V8 426 hp,426 hp,455 hp,+29 hp
Aston Martin,Vantage,... -> 2018,4.7 V8 S 436 hp,436 hp,461 hp,+25 hp
Aston Martin,Vantage,... -> 2018,6.0 V12 517 hp,517 hp,540 hp,+23 hp
Aston Martin,Vantage,... -> 2018,6.0 V12 S 573 hp,573 hp,597 hp,+24 hp
Aston Martin,Vantage,... -> 2018,4.0 V8 Bi-Turbo 510 hp,510 hp,575 hp,+65 hp
Aston Martin,Virage,All,6.0 liter V12 490 hp,490 hp,506 hp,+16 hp
Audi,A1,8X - 2010 -> 2014,1.2 TFSI 86 hp,86 hp,131 hp,+45 hp
Audi,A1,8X - 2010 -> 2014,1.2 TFSI 105 hp,105 hp,130 hp,+25 hp
Audi,A1,8X - 2010 -> 2014,1.4 TFSI 122 hp,122 hp,145 hp,+23 hp
Audi,A1,8X - 2010 -> 2014,1.4 TFSI (CPTA) 140 hp,140 hp,166 hp,+26 hp
Audi,A1,8X - 2010 -> 2014,1.4 TSI (CAVG) 185 hp,185 hp,208 hp,+23 hp
Audi,A1,8X - 2010 -> 2014,1.4 TSI (CTHG) 185 hp,185 hp,207 hp,+22 hp
Audi,A1,8X - 2010 -> 2014,1.6 TDI 90 hp,90 hp,131 hp,+41 hp
Audi,A1,8X - 2010 -> 2014,1.6 TDI 105 hp,105 hp,140 hp,+35 hp
Audi,A1,8X - 2010 -> 2014,2.0 TDI 136 hp,136 hp,183 hp,+47 hp
Audi,A1,8X - 2010 -> 2014,2.0 TDI 143 hp,143 hp,180 hp,+37 hp
Audi,A1,8X - 2010 -> 2014,2.0 TFSi Quattro 256 hp,256 hp,296 hp,+40 hp
Audi,A1,8X - 2010 -> 2014,S1 2.0 TFSi 231 hp,231 hp,302 hp,+71 hp
Audi,A1,8X - 2015 -> 2018,1.0 TFSi 82 hp,82 hp,126 hp,+44 hp
Audi,A1,8X - 2015 -> 2018,1.0 TFSI 95 hp,95 hp,129 hp,+34 hp
Audi,A1,8X - 2015 -> 2018,1.4 TDi 90 hp,90 hp,117 hp,+27 hp
Audi,A1,8X - 2015 -> 2018,1.4 TFSI 125 hp,125 hp,160 hp,+35 hp
Audi,A1,8X - 2015 -> 2018,1.4 TFSI (COD) 150 hp,150 hp,172 hp,+22 hp
Audi,A1,8X - 2015 -> 2018,1.6 TDi 116 hp,116 hp,149 hp,+33 hp
Audi,A1,8X - 2015 -> 2018,1.8 TFSI 192 hp,192 hp,221 hp,+29 hp
Audi,A1,8X - 2015 -> 2018,S1 2.0 TFSi 231 hp,231 hp,305 hp,+74 hp
Audi,A2,8Z - 1999 -> 2005,1.2 TDI 60 hp,60 hp,83 hp,+23 hp
Audi,A2,8Z - 1999 -> 2005,1.4 TDI 75 hp,75 hp,101 hp,+26 hp
Audi,A2,8Z - 1999 -> 2005,1.4 TDI 90 hp,90 hp,114 hp,+24 hp
Audi,A3,8L - 1996 -> 2003,1.8 20v 125 hp,125 hp,139 hp,+14 hp
Audi,A3,8L - 1996 -> 2003,1.8 T 150 hp,150 hp,189 hp,+39 hp
Audi,A3,8L - 1996 -> 2003,1.8 T 180 hp,180 hp,205 hp,+25 hp
Audi,A3,8L - 1996 -> 2003,1.9 TDi 90 hp,90 hp,123 hp,+33 hp
Audi,A3,8L - 1996 -> 2003,1.9 TDi 100 hp,100 hp,141 hp,+41 hp
Audi,A3,8L - 1996 -> 2003,1.9 TDi 110 hp,110 hp,145 hp,+35 hp
Audi,A3,8L - 1996 -> 2003,1.9 TDi 130 hp,130 hp,160 hp,+30 hp
Audi,A3,8L - 1996 -> 2003,S3 210 210 hp,210 hp,247 hp,+37 hp
Audi,A3,8L - 1996 -> 2003,S3 225 225 hp,225 hp,257 hp,+32 hp
Audi,A3,8P Mk1 - 2003 -> 2008,1.6 8V 102 hp,102 hp,115 hp,+13 hp
Audi,A3,8P Mk1 - 2003 -> 2008,1.6 FSi 115 hp,115 hp,129 hp,+14 hp
Audi,A3,8P Mk1 - 2003 -> 2008,1.9 TDi 105 hp,105 hp,144 hp,+39 hp
Audi,A3,8P Mk1 - 2003 -> 2008,2.0 FSi 150 hp,150 hp,162 hp,+12 hp
Audi,A3,8P Mk1 - 2003 -> 2008,2.0 TDi 136 hp,136 hp,175 hp,+39 hp
Audi,A3,8P Mk1 - 2003 -> 2008,2.0 TDi 140 hp,140 hp,178 hp,+38 hp
Audi,A3,8P Mk1 - 2003 -> 2008,2.0 TDi DPF 136 hp,136 hp,173 hp,+37 hp
Audi,A3,8P Mk1 - 2003 -> 2008,2.0 TDi DPF 140 hp,140 hp,171 hp,+31 hp
Audi,A3,8P Mk1 - 2003 -> 2008,2.0 TDi DPF 163 hp,163 hp,203 hp,+40 hp
Audi,A3,8P Mk1 - 2003 -> 2008,2.0 TDi DPF 170 hp,170 hp,198 hp,+28 hp
Audi,A3,8P Mk1 - 2003 -> 2008,2.0 TFSi 200 hp,200 hp,242 hp,+42 hp
Audi,A3,8P Mk1 - 2003 -> 2008,3.2 V6 250 hp,250 hp,266 hp,+16 hp
Audi,A3,8P Mk1 - 2003 -> 2008,S3 2.0 TFSI 265 hp,265 hp,305 hp,+40 hp
Audi,A3,8P Mk2 - 2008 -> 2012,1.2 TSi 105 hp,105 hp,128 hp,+23 hp
Audi,A3,8P Mk2 - 2008 -> 2012,1.4 TSi 122 hp,122 hp,148 hp,+26 hp
Audi,A3,8P Mk2 - 2008 -> 2012,1.4 TSI 125 hp,125 hp,150 hp,+25 hp
Audi,A3,8P Mk2 - 2008 -> 2012,1.6 TDi 90 hp,90 hp,142 hp,+52 hp
Audi,A3,8P Mk2 - 2008 -> 2012,1.6 TDi 105 hp,105 hp,140 hp,+35 hp
Audi,A3,8P Mk2 - 2008 -> 2012,1.8 TFSi 160 hp,160 hp,209 hp,+49 hp
Audi,A3,8P Mk2 - 2008 -> 2012,1.9 TDi 105 hp,105 hp,142 hp,+37 hp
Audi,A3,8P Mk2 - 2008 -> 2012,2.0 TDi cr 136 hp,136 hp,181 hp,+45 hp
Audi,A3,8P Mk2 - 2008 -> 2012,2.0 TDi cr 140 hp,140 hp,186 hp,+46 hp
Audi,A3,8P Mk2 - 2008 -> 2012,2.0 TDi cr 143 hp,143 hp,184 hp,+41 hp
Audi,A3,8P Mk2 - 2008 -> 2012,2.0 TDi cr 163 hp,163 hp,208 hp,+45 hp
Audi,A3,8P Mk2 - 2008 -> 2012,2.0 TDi cr 170 hp,170 hp,208 hp,+38 hp
Audi,A3,8P Mk2 - 2008 -> 2012,2.0 TFSi 200 hp,200 hp,253 hp,+53 hp
Audi,A3,8P Mk2 - 2008 -> 2012,RS3 2.5 TFSI 340 hp,340 hp,403 hp,+63 hp
Audi,A3,8P Mk2 - 2008 -> 2012,S3 2.0 TFSi 265 hp,265 hp,305 hp,+40 hp
Audi,A3,8V Mk1 - 2012-> 2016,1.2 TSi 105 hp,105 hp,134 hp,+29 hp
Audi,A3,8V Mk1 - 2012-> 2016,1.2 TSi 110 hp,110 hp,133 hp,+23 hp
Audi,A3,8V Mk1 - 2012-> 2016,1.4 TFSI 125 hp,125 hp,156 hp,+31 hp
Audi,A3,8V Mk1 - 2012-> 2016,1.4 TFSI 150 hp,150 hp,175 hp,+25 hp
Audi,A3,8V Mk1 - 2012-> 2016,1.4 TFSI (CHPA-CPTA) 140 hp,140 hp,167 hp,+27 hp
Audi,A3,8V Mk1 - 2012-> 2016,1.4 TGI G-Tron 110 hp,110 hp,134 hp,+24 hp
Audi,A3,8V Mk1 - 2012-> 2016,1.4 TSI (CMBA-CPVA) 122 hp,122 hp,150 hp,+28 hp
Audi,A3,8V Mk1 - 2012-> 2016,1.6 TDI CR 105 hp,105 hp,146 hp,+41 hp
Audi,A3,8V Mk1 - 2012-> 2016,1.6 TDI CR 110 hp,110 hp,141 hp,+31 hp
Audi,A3,8V Mk1 - 2012-> 2016,1.8 TFSi 180 hp,180 hp,223 hp,+43 hp
Audi,A3,8V Mk1 - 2012-> 2016,2.0 TDI CR 110 hp,110 hp,195 hp,+85 hp
Audi,A3,8V Mk1 - 2012-> 2016,2.0 TDi CR 136 hp,136 hp,190 hp,+54 hp
Audi,A3,8V Mk1 - 2012-> 2016,2.0 TDi CR 143 hp,143 hp,199 hp,+56 hp
Audi,A3,8V Mk1 - 2012-> 2016,2.0 TDi CR 150 hp,150 hp,197 hp,+47 hp
Audi,A3,8V Mk1 - 2012-> 2016,2.0 TDi CR 184 hp,184 hp,218 hp,+34 hp
Audi,A3,8V Mk1 - 2012-> 2016,2.0 TFSI 220 hp,220 hp,296 hp,+76 hp
Audi,A3,8V Mk1 - 2012-> 2016,E-Tron 204 hp,204 hp,227 hp,+23 hp
Audi,A3,8V Mk1 - 2012-> 2016,RS3 2.5 TFSI 367 hp,367 hp,420 hp,+53 hp
Audi,A3,8V Mk1 - 2012-> 2016,S3 2.0 TFSI 300 hp,300 hp,348 hp,+48 hp
Audi,A3,8V Mk2 - 07/2016 -> ...,1.0 TFSi 116 hp,116 hp,128 hp,+12 hp
Audi,A3,8V Mk2 - 07/2016 -> ...,1.4 TFSI (COD) 150 hp,150 hp,179 hp,+29 hp
Audi,A3,8V Mk2 - 07/2016 -> ...,1.4 TFSI E-Tron 150 hp,150 hp,0 hp,+-150 hp
Audi,A3,8V Mk2 - 07/2016 -> ...,1.4 TGI G-Tron 110 hp,110 hp,140 hp,+30 hp
Audi,A3,8V Mk2 - 07/2016 -> ...,1.5 TFSI 150 hp,150 hp,0 hp,+-150 hp
Audi,A3,8V Mk2 - 07/2016 -> ...,1.6 TDi 110 hp,110 hp,135 hp,+25 hp
Audi,A3,8V Mk2 - 07/2016 -> ...,1.6 TDi 116 hp,116 hp,136 hp,+20 hp
Audi,A3,8V Mk2 - 07/2016 -> ...,2.0 TDI 150 hp,150 hp,193 hp,+43 hp
Audi,A3,8V Mk2 - 07/2016 -> ...,2.0 TDI 184 hp,184 hp,224 hp,+40 hp
Audi,A3,8V Mk2 - 07/2016 -> ...,2.0 TFSi 190 hp,190 hp,262 hp,+72 hp
Audi,A3,8V Mk2 - 07/2016 -> ...,RS3 2.5 TFSI 400 hp,400 hp,467 hp,+67 hp
Audi,A3,8V Mk2 - 07/2016 -> ...,S3 2.0 TFSI 310 hp,310 hp,346 hp,+36 hp
Audi,A4,B6 - 2001 -> 2004,1.8 T 150 hp,150 hp,185 hp,+35 hp
Audi,A4,B6 - 2001 -> 2004,1.8 T 163 hp,163 hp,190 hp,+27 hp
Audi,A4,B6 - 2001 -> 2004,1.8 T 190 hp,190 hp,208 hp,+18 hp
Audi,A4,B6 - 2001 -> 2004,1.9 TDi 100 hp,100 hp,136 hp,+36 hp
Audi,A4,B6 - 2001 -> 2004,1.9 TDi 115 hp,115 hp,142 hp,+27 hp
Audi,A4,B6 - 2001 -> 2004,1.9 TDi 130 hp,130 hp,170 hp,+40 hp
Audi,A4,B6 - 2001 -> 2004,2.5 TDi 155 hp,155 hp,183 hp,+28 hp
Audi,A4,B6 - 2001 -> 2004,2.5 TDi 163 hp,163 hp,195 hp,+32 hp
Audi,A4,B6 - 2001 -> 2004,2.5 TDi 180 hp,180 hp,213 hp,+33 hp
Audi,A4,B6 - 2001 -> 2004,S4 4.2 V8 344 hp,344 hp,361 hp,+17 hp
Audi,A4,B7 - 2004 -> 2008,1.8T 163 hp,163 hp,194 hp,+31 hp
Audi,A4,B7 - 2004 -> 2008,1.9 TDi 115 hp,115 hp,154 hp,+39 hp
Audi,A4,B7 - 2004 -> 2008,2.0 FSi 150 hp,150 hp,166 hp,+16 hp
Audi,A4,B7 - 2004 -> 2008,2.0 TDi 136 hp,136 hp,178 hp,+42 hp
Audi,A4,B7 - 2004 -> 2008,2.0 TDi 140 hp,140 hp,183 hp,+43 hp
Audi,A4,B7 - 2004 -> 2008,2.0 TDi DPF 136 hp,136 hp,176 hp,+40 hp
Audi,A4,B7 - 2004 -> 2008,2.0 TDi DPF 140 hp,140 hp,174 hp,+34 hp
Audi,A4,B7 - 2004 -> 2008,2.0 TDi DPF 163 hp,163 hp,199 hp,+36 hp
Audi,A4,B7 - 2004 -> 2008,2.0 TDi DPF 170 hp,170 hp,197 hp,+27 hp
Audi,A4,B7 - 2004 -> 2008,2.0 TFSi 170 hp,170 hp,240 hp,+70 hp
Audi,A4,B7 - 2004 -> 2008,2.0 TFSi 200 hp,200 hp,240 hp,+40 hp
Audi,A4,B7 - 2004 -> 2008,2.0 TFSI - DTM edition 220 hp,220 hp,236 hp,+16 hp
Audi,A4,B7 - 2004 -> 2008,2.5 V6 TDi 163 hp,163 hp,187 hp,+24 hp
Audi,A4,B7 - 2004 -> 2008,2.5 V6 TDi multitronic 163 hp,163 hp,182 hp,+19 hp
Audi,A4,B7 - 2004 -> 2008,2.7 V6 TDi 163 hp,163 hp,216 hp,+53 hp
Audi,A4,B7 - 2004 -> 2008,2.7 V6 TDi 180 hp,180 hp,221 hp,+41 hp
Audi,A4,B7 - 2004 -> 2008,3.0 V6 220 hp,220 hp,241 hp,+21 hp
Audi,A4,B7 - 2004 -> 2008,3.0 V6 TDi 204 hp,204 hp,277 hp,+73 hp
Audi,A4,B7 - 2004 -> 2008,3.0 V6 TDi 233 hp,233 hp,276 hp,+43 hp
Audi,A4,B7 - 2004 -> 2008,3.2 V6 255 hp,255 hp,270 hp,+15 hp
Audi,A4,B7 - 2004 -> 2008,RS4 4.2 V8 420 hp,420 hp,439 hp,+19 hp
Audi,A4,B7 - 2004 -> 2008,S4 4.2 V8 344 hp,344 hp,365 hp,+21 hp
Audi,A4,B8 Mk1 - 2008 -> 2011,1.8 TFSi 120 hp,120 hp,213 hp,+93 hp
Audi,A4,B8 Mk1 - 2008 -> 2011,1.8 TFSi 160 hp,160 hp,215 hp,+55 hp
Audi,A4,B8 Mk1 - 2008 -> 2011,2.0 TDi 120 hp,120 hp,185 hp,+65 hp
Audi,A4,B8 Mk1 - 2008 -> 2011,2.0 TDi 136 hp,136 hp,182 hp,+46 hp
Audi,A4,B8 Mk1 - 2008 -> 2011,2.0 TDi 143 hp,143 hp,185 hp,+42 hp
Audi,A4,B8 Mk1 - 2008 -> 2011,2.0 TDi 163 hp,163 hp,209 hp,+46 hp
Audi,A4,B8 Mk1 - 2008 -> 2011,2.0 TDi 170 hp,170 hp,200 hp,+30 hp
Audi,A4,B8 Mk1 - 2008 -> 2011,2.0 TFSi 180 hp,180 hp,261 hp,+81 hp
Audi,A4,B8 Mk1 - 2008 -> 2011,2.0 TFSi 211 hp,211 hp,259 hp,+48 hp
Audi,A4,B8 Mk1 - 2008 -> 2011,2.7 TDi 163 hp,163 hp,227 hp,+64 hp
Audi,A4,B8 Mk1 - 2008 -> 2011,2.7 TDi 190 hp,190 hp,234 hp,+44 hp
Audi,A4,B8 Mk1 - 2008 -> 2011,3.0 TDi DPF 211 hp,211 hp,290 hp,+79 hp
Audi,A4,B8 Mk1 - 2008 -> 2011,3.0 TDi DPF 240 hp,240 hp,301 hp,+61 hp
Audi,A4,B8 Mk1 - 2008 -> 2011,3.0 TFSi 290 hp,290 hp,404 hp,+114 hp
Audi,A4,B8 Mk1 - 2008 -> 2011,3.2 FSi 256 hp,256 hp,280 hp,+24 hp
Audi,A4,B8 Mk1 - 2008 -> 2011,3.2 FSi 265 hp,265 hp,282 hp,+17 hp
Audi,A4,B8 Mk1 - 2008 -> 2011,RS4 4.2 V8 FSI 450 hp,450 hp,472 hp,+22 hp
Audi,A4,B8 Mk1 - 2008 -> 2011,S4 3.0 TFSi 333 hp,333 hp,402 hp,+69 hp
Audi,A4,B8 Mk2 - 2012 -> 2015,1.4 TFSI 125 hp,125 hp,141 hp,+16 hp
Audi,A4,B8 Mk2 - 2012 -> 2015,1.8 TFSI 120 hp,120 hp,207 hp,+87 hp
Audi,A4,B8 Mk2 - 2012 -> 2015,1.8 TFSI 170 hp,170 hp,221 hp,+51 hp
Audi,A4,B8 Mk2 - 2012 -> 2015,2.0 TDI 120 hp,120 hp,185 hp,+65 hp
Audi,A4,B8 Mk2 - 2012 -> 2015,2.0 TDI 136 hp,136 hp,189 hp,+53 hp
Audi,A4,B8 Mk2 - 2012 -> 2015,2.0 TDI 143 hp,143 hp,188 hp,+45 hp
Audi,A4,B8 Mk2 - 2012 -> 2015,2.0 TDI 150 hp,150 hp,190 hp,+40 hp
Audi,A4,B8 Mk2 - 2012 -> 2015,2.0 TDI 163 hp,163 hp,205 hp,+42 hp
Audi,A4,B8 Mk2 - 2012 -> 2015,2.0 TDI 177 hp,177 hp,211 hp,+34 hp
Audi,A4,B8 Mk2 - 2012 -> 2015,2.0 TDI 190 hp,190 hp,220 hp,+30 hp
Audi,A4,B8 Mk2 - 2012 -> 2015,2.0 TFSI 211 hp,211 hp,257 hp,+46 hp
Audi,A4,B8 Mk2 - 2012 -> 2015,2.0 TSI 225 hp,225 hp,304 hp,+79 hp
Audi,A4,B8 Mk2 - 2012 -> 2015,3.0 TDI 204 hp,204 hp,269 hp,+65 hp
Audi,A4,B8 Mk2 - 2012 -> 2015,3.0 TDI 245 hp,245 hp,298 hp,+53 hp
Audi,A4,B8 Mk2 - 2012 -> 2015,3.0 TFSI V6 272 hp,272 hp,401 hp,+129 hp
Audi,A4,B8 Mk2 - 2012 -> 2015,RS4 4.2 V8 FSI 450 hp,450 hp,478 hp,+28 hp
Audi,A4,B8 Mk2 - 2012 -> 2015,S4 3.0 TFSI 333 hp,333 hp,398 hp,+65 hp
Audi,A4,B9 - 07/2015 -> ...,1.4 TFSI 150 hp,150 hp,172 hp,+22 hp
Audi,A4,B9 - 07/2015 -> ...,2.0 TDI 122 hp,122 hp,198 hp,+76 hp
Audi,A4,B9 - 07/2015 -> ...,2.0 TDI 136 hp,136 hp,200 hp,+64 hp
Audi,A4,B9 - 07/2015 -> ...,2.0 TDI 150 hp,150 hp,199 hp,+49 hp
Audi,A4,B9 - 07/2015 -> ...,2.0 TDI 163 hp,163 hp,217 hp,+54 hp
Audi,A4,B9 - 07/2015 -> ...,2.0 TDI 190 hp,190 hp,218 hp,+28 hp
Audi,A4,B9 - 07/2015 -> ...,2.0 TDI Ultra 150 hp,150 hp,0 hp,+-150 hp
Audi,A4,B9 - 07/2015 -> ...,2.0 TFSI 190 hp,190 hp,240 hp,+50 hp
Audi,A4,B9 - 07/2015 -> ...,2.0 TFSI 252 hp,252 hp,0 hp,+-252 hp
Audi,A4,B9 - 07/2015 -> ...,3.0 TDI 218 hp,218 hp,318 hp,+100 hp
Audi,A4,B9 - 07/2015 -> ...,3.0 TDI 272 hp,272 hp,325 hp,+53 hp
Audi,A4,B9 - 07/2015 -> ...,RS4 2.9 TFSI V6 Bi-Turbo 450 hp,450 hp,530 hp,+80 hp
Audi,A4,B9 - 07/2015 -> ...,S4 - 3.0 TFSi 354 hp,354 hp,440 hp,+86 hp
Audi,A4 Cabrio,B6 - 2002 -> 2006,1.8 T 163 hp,163 hp,199 hp,+36 hp
Audi,A4 Cabrio,B6 - 2002 -> 2006,2.5 V6 TDi 163 hp,163 hp,189 hp,+26 hp
Audi,A4 Cabrio,B6 - 2002 -> 2006,3.0 V6 220 hp,220 hp,243 hp,+23 hp
Audi,A4 Cabrio,B7 - 2006 -> ...,1.8 T 163 hp,163 hp,192 hp,+29 hp
Audi,A4 Cabrio,B7 - 2006 -> ...,2.0 TDi DPF 136 hp,136 hp,178 hp,+42 hp
Audi,A4 Cabrio,B7 - 2006 -> ...,2.0 TDi DPF 140 hp,140 hp,179 hp,+39 hp
Audi,A4 Cabrio,B7 - 2006 -> ...,2.0 TFSi 200 hp,200 hp,235 hp,+35 hp
Audi,A4 Cabrio,B7 - 2006 -> ...,2.7 V6 TDi 180 hp,180 hp,216 hp,+36 hp
Audi,A4 Cabrio,B7 - 2006 -> ...,3.0 V6 TDi 204 hp,204 hp,276 hp,+72 hp
Audi,A4 Cabrio,B7 - 2006 -> ...,3.0 V6 TDi 233 hp,233 hp,274 hp,+41 hp
Audi,A4 Cabrio,B7 - 2006 -> ...,3.2 V6 255 hp,255 hp,273 hp,+18 hp
Audi,A4 Cabrio,B7 - 2006 -> ...,RS4 4.2 V8 420 hp,420 hp,440 hp,+20 hp
Audi,A4 Cabrio,B7 - 2006 -> ...,S4 4.2 V8 344 hp,344 hp,368 hp,+24 hp
Audi,A5,2016 -> ...,2.0 TDI 190 hp,190 hp,215 hp,+25 hp
Audi,A5,2016 -> ...,2.0 TFSI 190 hp,190 hp,238 hp,+48 hp
Audi,A5,2016 -> ...,3.0 TDi 272 hp,272 hp,325 hp,+53 hp
Audi,A5,2016 -> ...,RS5 - 2.9 V6 Bi Turbo 450 hp,450 hp,525 hp,+75 hp
Audi,A5,2016 -> ...,S5 - 3.0 TFSI 354 hp,354 hp,444 hp,+90 hp
Audi,A5,8T Mk1 - 2007 -> 2011,1.8 TFSI 160 hp,160 hp,214 hp,+54 hp
Audi,A5,8T Mk1 - 2007 -> 2011,1.8 TFSi 170 hp,170 hp,209 hp,+39 hp
Audi,A5,8T Mk1 - 2007 -> 2011,2.0 CR TDi 136 hp,136 hp,180 hp,+44 hp
Audi,A5,8T Mk1 - 2007 -> 2011,2.0 CR TDi 143 hp,143 hp,181 hp,+38 hp
Audi,A5,8T Mk1 - 2007 -> 2011,2.0 CR TDi 163 hp,163 hp,201 hp,+38 hp
Audi,A5,8T Mk1 - 2007 -> 2011,2.0 CR TDi 170 hp,170 hp,202 hp,+32 hp
Audi,A5,8T Mk1 - 2007 -> 2011,2.0 CR TDi 177 hp,177 hp,213 hp,+36 hp
Audi,A5,8T Mk1 - 2007 -> 2011,2.0 TFSi 180 hp,180 hp,255 hp,+75 hp
Audi,A5,8T Mk1 - 2007 -> 2011,2.0 TFSi 211 hp,211 hp,261 hp,+50 hp
Audi,A5,8T Mk1 - 2007 -> 2011,2.7 TDi 163 hp,163 hp,225 hp,+62 hp
Audi,A5,8T Mk1 - 2007 -> 2011,2.7 TDi 190 hp,190 hp,232 hp,+42 hp
Audi,A5,8T Mk1 - 2007 -> 2011,3.0 TDi 204 hp,204 hp,273 hp,+69 hp
Audi,A5,8T Mk1 - 2007 -> 2011,3.0 TDi 211 hp,211 hp,304 hp,+93 hp
Audi,A5,8T Mk1 - 2007 -> 2011,3.0 TDi 240 hp,240 hp,302 hp,+62 hp
Audi,A5,8T Mk1 - 2007 -> 2011,3.2 FSI 265 hp,265 hp,289 hp,+24 hp
Audi,A5,8T Mk1 - 2007 -> 2011,RS5 4.2 V8 450 hp,450 hp,471 hp,+21 hp
Audi,A5,8T Mk1 - 2007 -> 2011,S5 3.0 TFSi 333 hp,333 hp,402 hp,+69 hp
Audi,A5,8T Mk1 - 2007 -> 2011,S5 4.2 V8 354 hp,354 hp,374 hp,+20 hp
Audi,A5,8T Mk2 - 11/2011 -> 2016,1.8 TFSI 144 hp,144 hp,224 hp,+80 hp
Audi,A5,8T Mk2 - 11/2011 -> 2016,1.8 TFSI 170 hp,170 hp,224 hp,+54 hp
Audi,A5,8T Mk2 - 11/2011 -> 2016,1.8 TFSI 177 hp,177 hp,224 hp,+47 hp
Audi,A5,8T Mk2 - 11/2011 -> 2016,2.0 TDI 136 hp,136 hp,187 hp,+51 hp
Audi,A5,8T Mk2 - 11/2011 -> 2016,2.0 TDI 143 hp,143 hp,181 hp,+38 hp
Audi,A5,8T Mk2 - 11/2011 -> 2016,2.0 TDI 150 hp,150 hp,194 hp,+44 hp
Audi,A5,8T Mk2 - 11/2011 -> 2016,2.0 TDI 163 hp,163 hp,209 hp,+46 hp
Audi,A5,8T Mk2 - 11/2011 -> 2016,2.0 TDI 177 hp,177 hp,206 hp,+29 hp
Audi,A5,8T Mk2 - 11/2011 -> 2016,2.0 TDI 190 hp,190 hp,216 hp,+26 hp
Audi,A5,8T Mk2 - 11/2011 -> 2016,2.0 TFSI 211 hp,211 hp,260 hp,+49 hp
Audi,A5,8T Mk2 - 11/2011 -> 2016,2.0 TFSi 225 hp,225 hp,302 hp,+77 hp
Audi,A5,8T Mk2 - 11/2011 -> 2016,2.0 TFSi 230 hp,230 hp,299 hp,+69 hp
Audi,A5,8T Mk2 - 11/2011 -> 2016,3.0 TDI V6 204 hp,204 hp,271 hp,+67 hp
Audi,A5,8T Mk2 - 11/2011 -> 2016,3.0 TDI V6 218 hp,218 hp,317 hp,+99 hp
Audi,A5,8T Mk2 - 11/2011 -> 2016,3.0 TDI V6 245 hp,245 hp,296 hp,+51 hp
Audi,A5,8T Mk2 - 11/2011 -> 2016,3.0 TFSI V6 272 hp,272 hp,398 hp,+126 hp
Audi,A5,8T Mk2 - 11/2011 -> 2016,S5 3.0 TFSi 333 hp,333 hp,399 hp,+66 hp
Audi,A5,F5 - 2016 -> ...,2.0 TDI 150 hp,150 hp,196 hp,+46 hp
Audi,A5,F5 - 2016 -> ...,2.0 TDI 190 hp,190 hp,223 hp,+33 hp
Audi,A5,F5 - 2016 -> ...,2.0 TFSI 150 hp,150 hp,244 hp,+94 hp
Audi,A5,F5 - 2016 -> ...,2.0 TFSI 190 hp,190 hp,239 hp,+49 hp
Audi,A5,F5 - 2016 -> ...,2.0 TFSI 252 hp,252 hp,302 hp,+50 hp
Audi,A5,F5 - 2016 -> ...,3.0 TDi 272 hp,272 hp,321 hp,+49 hp
Audi,A5,F5 - 2016 -> ...,RS5 - 2.9 V6 Bi Turbo 450 hp,450 hp,533 hp,+83 hp
Audi,A5,F5 - 2016 -> ...,S5 - 3.0 TFSI 354 hp,354 hp,439 hp,+85 hp
Audi,A5,Mk1 - 2007 -> 2011,1.8 TFSI 160 hp,160 hp,212 hp,+52 hp
Audi,A5,Mk1 - 2007 -> 2011,1.8 TFSi 170 hp,170 hp,206 hp,+36 hp
Audi,A5,Mk1 - 2007 -> 2011,2.0 CR TDi 136 hp,136 hp,188 hp,+52 hp
Audi,A5,Mk1 - 2007 -> 2011,2.0 CR TDi 143 hp,143 hp,186 hp,+43 hp
Audi,A5,Mk1 - 2007 -> 2011,2.0 CR TDi 163 hp,163 hp,205 hp,+42 hp
Audi,A5,Mk1 - 2007 -> 2011,2.0 CR TDi 170 hp,170 hp,206 hp,+36 hp
Audi,A5,Mk1 - 2007 -> 2011,2.0 CR TDi 177 hp,177 hp,214 hp,+37 hp
Audi,A5,Mk1 - 2007 -> 2011,2.0 TFSi 180 hp,180 hp,255 hp,+75 hp
Audi,A5,Mk1 - 2007 -> 2011,2.0 TFSi 211 hp,211 hp,261 hp,+50 hp
Audi,A5,Mk1 - 2007 -> 2011,2.7 TDi 163 hp,163 hp,226 hp,+63 hp
Audi,A5,Mk1 - 2007 -> 2011,2.7 TDi 190 hp,190 hp,228 hp,+38 hp
Audi,A5,Mk1 - 2007 -> 2011,3.0 TDi 204 hp,204 hp,266 hp,+62 hp
Audi,A5,Mk1 - 2007 -> 2011,3.0 TDi 211 hp,211 hp,297 hp,+86 hp
Audi,A5,Mk1 - 2007 -> 2011,3.0 TDi 240 hp,240 hp,298 hp,+58 hp
Audi,A5,Mk1 - 2007 -> 2011,3.0 TDi 245 hp,245 hp,294 hp,+49 hp
Audi,A5,Mk1 - 2007 -> 2011,3.2 FSI 265 hp,265 hp,290 hp,+25 hp
Audi,A5,Mk1 - 2007 -> 2011,RS5 4.2 V8 450 hp,450 hp,471 hp,+21 hp
Audi,A5,Mk1 - 2007 -> 2011,S5 3.0 TFSi 333 hp,333 hp,395 hp,+62 hp
Audi,A5,Mk1 - 2007 -> 2011,S5 4.2 V8 354 hp,354 hp,380 hp,+26 hp
Audi,A5,Mk2 - 11/2011 -> 2016,1.8 TFSI 144 hp,144 hp,219 hp,+75 hp
Audi,A5,Mk2 - 11/2011 -> 2016,1.8 TFSI 170 hp,170 hp,217 hp,+47 hp
Audi,A5,Mk2 - 11/2011 -> 2016,1.8 TFSI 177 hp,177 hp,219 hp,+42 hp
Audi,A5,Mk2 - 11/2011 -> 2016,2.0 TDI 136 hp,136 hp,190 hp,+54 hp
Audi,A5,Mk2 - 11/2011 -> 2016,2.0 TDI 143 hp,143 hp,182 hp,+39 hp
Audi,A5,Mk2 - 11/2011 -> 2016,2.0 TDI 150 hp,150 hp,200 hp,+50 hp
Audi,A5,Mk2 - 11/2011 -> 2016,2.0 TDI 163 hp,163 hp,210 hp,+47 hp
Audi,A5,Mk2 - 11/2011 -> 2016,2.0 TDI 177 hp,177 hp,215 hp,+38 hp
Audi,A5,Mk2 - 11/2011 -> 2016,2.0 TDI 190 hp,190 hp,224 hp,+34 hp
Audi,A5,Mk2 - 11/2011 -> 2016,2.0 TFSI 211 hp,211 hp,258 hp,+47 hp
Audi,A5,Mk2 - 11/2011 -> 2016,2.0 TFSi 225 hp,225 hp,297 hp,+72 hp
Audi,A5,Mk2 - 11/2011 -> 2016,2.0 TFSi 230 hp,230 hp,305 hp,+75 hp
Audi,A5,Mk2 - 11/2011 -> 2016,3.0 TDI V6 204 hp,204 hp,275 hp,+71 hp
Audi,A5,Mk2 - 11/2011 -> 2016,3.0 TDI V6 218 hp,218 hp,318 hp,+100 hp
Audi,A5,Mk2 - 11/2011 -> 2016,3.0 TDI V6 245 hp,245 hp,303 hp,+58 hp
Audi,A5,Mk2 - 11/2011 -> 2016,3.0 TFSI V6 272 hp,272 hp,404 hp,+132 hp
Audi,A5,Mk2 - 11/2011 -> 2016,S5 3.0 TFSi 333 hp,333 hp,401 hp,+68 hp
Audi,A6,C5 - 1997 -> 2004,1.8 T 150 hp,150 hp,195 hp,+45 hp
Audi,A6,C5 - 1997 -> 2004,1.9 TDi 110 hp,110 hp,142 hp,+32 hp
Audi,A6,C5 - 1997 -> 2004,1.9 TDi 115 hp,115 hp,145 hp,+30 hp
Audi,A6,C5 - 1997 -> 2004,1.9 TDi 130 hp,130 hp,167 hp,+37 hp
Audi,A6,C5 - 1997 -> 2004,2.4 V6 170 hp,170 hp,189 hp,+19 hp
Audi,A6,C5 - 1997 -> 2004,2.5 V6 TDi 150 hp,150 hp,188 hp,+38 hp
Audi,A6,C5 - 1997 -> 2004,2.5 V6 TDi 155 hp,155 hp,190 hp,+35 hp
Audi,A6,C5 - 1997 -> 2004,2.5 V6 TDi 163 hp,163 hp,194 hp,+31 hp
Audi,A6,C5 - 1997 -> 2004,2.5 V6 TDi 180 hp,180 hp,207 hp,+27 hp
Audi,A6,C5 - 1997 -> 2004,2.8 V6 193 hp,193 hp,207 hp,+14 hp
Audi,A6,C5 - 1997 -> 2004,3.0 V6 220 hp,220 hp,236 hp,+16 hp
Audi,A6,C5 - 1997 -> 2004,4.2 V8 300 hp,300 hp,324 hp,+24 hp
Audi,A6,C5 - 1997 -> 2004,S6 4.2 V8 340 hp,340 hp,363 hp,+23 hp
Audi,A6,C6 Mk1 - 2004 -> 2008,2.0 TDi 136 hp,136 hp,180 hp,+44 hp
Audi,A6,C6 Mk1 - 2004 -> 2008,2.0 TDi 140 hp,140 hp,175 hp,+35 hp
Audi,A6,C6 Mk1 - 2004 -> 2008,2.0 TDi DPF 140 hp,140 hp,175 hp,+35 hp
Audi,A6,C6 Mk1 - 2004 -> 2008,2.0 TFSi 170 hp,170 hp,243 hp,+73 hp
Audi,A6,C6 Mk1 - 2004 -> 2008,2.0 TFSi 200 hp,200 hp,240 hp,+40 hp
Audi,A6,C6 Mk1 - 2004 -> 2008,2.7 V6 TDi 163 hp,163 hp,219 hp,+56 hp
Audi,A6,C6 Mk1 - 2004 -> 2008,2.7 V6 TDi 180 hp,180 hp,218 hp,+38 hp
Audi,A6,C6 Mk1 - 2004 -> 2008,3.0 V6 TDi 225 hp,225 hp,271 hp,+46 hp
Audi,A6,C6 Mk1 - 2004 -> 2008,3.0 V6 TDi 233 hp,233 hp,280 hp,+47 hp
Audi,A6,C6 Mk1 - 2004 -> 2008,3.2 FSi V6 255 hp,255 hp,272 hp,+17 hp
Audi,A6,C6 Mk1 - 2004 -> 2008,4.2 FSi V8 335 hp,335 hp,350 hp,+15 hp
Audi,A6,C6 Mk1 - 2004 -> 2008,RS6 5.0 TFSi 580 hp,580 hp,679 hp,+99 hp
Audi,A6,C6 Mk1 - 2004 -> 2008,S6 5.2 FSi V10 435 hp,435 hp,453 hp,+18 hp
Audi,A6,C6 Mk2 - 2008 -> 2010,2.0 TDi 136 hp,136 hp,181 hp,+45 hp
Audi,A6,C6 Mk2 - 2008 -> 2010,2.0 TDi 140 hp,140 hp,190 hp,+50 hp
Audi,A6,C6 Mk2 - 2008 -> 2010,2.0 TDi 163 hp,163 hp,203 hp,+40 hp
Audi,A6,C6 Mk2 - 2008 -> 2010,2.0 TDi 170 hp,170 hp,205 hp,+35 hp
Audi,A6,C6 Mk2 - 2008 -> 2010,2.0 TFSi 170 hp,170 hp,241 hp,+71 hp
Audi,A6,C6 Mk2 - 2008 -> 2010,2.7 TDi 163 hp,163 hp,232 hp,+69 hp
Audi,A6,C6 Mk2 - 2008 -> 2010,2.7 TDi 190 hp,190 hp,229 hp,+39 hp
Audi,A6,C6 Mk2 - 2008 -> 2010,2.8 FSi 190 hp,190 hp,211 hp,+21 hp
Audi,A6,C6 Mk2 - 2008 -> 2010,2.8 FSi 220 hp,220 hp,251 hp,+31 hp
Audi,A6,C6 Mk2 - 2008 -> 2010,3.0 TDi 211 hp,211 hp,294 hp,+83 hp
Audi,A6,C6 Mk2 - 2008 -> 2010,3.0 TDi 240 hp,240 hp,294 hp,+54 hp
Audi,A6,C6 Mk2 - 2008 -> 2010,3.0 TFSi 290 hp,290 hp,405 hp,+115 hp
Audi,A6,C6 Mk2 - 2008 -> 2010,4.2 FSi 350 hp,350 hp,365 hp,+15 hp
Audi,A6,C6 Mk2 - 2008 -> 2010,5.2 FSi 435 hp,435 hp,464 hp,+29 hp
Audi,A6,C6 Mk2 - 2008 -> 2010,RS6 5.0 TFSi 580 hp,580 hp,685 hp,+105 hp
Audi,A6,C7 - 2011 -> 2018,1.8 TFSi 190 hp,190 hp,216 hp,+26 hp
Audi,A6,C7 - 2011 -> 2018,2.0 TDI 136 hp,136 hp,190 hp,+54 hp
Audi,A6,C7 - 2011 -> 2018,2.0 TDI 150 hp,150 hp,196 hp,+46 hp
Audi,A6,C7 - 2011 -> 2018,2.0 TDI 163 hp,163 hp,207 hp,+44 hp
Audi,A6,C7 - 2011 -> 2018,2.0 TDi 177 hp,177 hp,208 hp,+31 hp
Audi,A6,C7 - 2011 -> 2018,2.0 TDi 190 hp,190 hp,223 hp,+33 hp
Audi,A6,C7 - 2011 -> 2018,2.0 TFSI 180 hp,180 hp,259 hp,+79 hp
Audi,A6,C7 - 2011 -> 2018,2.0 TFSI 252 hp,252 hp,305 hp,+53 hp
Audi,A6,C7 - 2011 -> 2018,2.0 TFSI hybrid 245 hp,245 hp,300 hp,+55 hp
Audi,A6,C7 - 2011 -> 2018,3.0 TFSi 300 hp,300 hp,395 hp,+95 hp
Audi,A6,C7 - 2011 -> 2018,3.0 TFSi 310 hp,310 hp,403 hp,+93 hp
Audi,A6,C7 - 2011 -> 2018,3.0 TFSi 333 hp,333 hp,405 hp,+72 hp
Audi,A6,C7 - 2011 -> 2018,3.0 V6 Bi TDI 313 hp,313 hp,353 hp,+40 hp
Audi,A6,C7 - 2011 -> 2018,3.0 V6 Bi TDI Competition 326 hp,326 hp,400 hp,+74 hp
Audi,A6,C7 - 2011 -> 2018,3.0 V6 TDi 204 hp,204 hp,266 hp,+62 hp
Audi,A6,C7 - 2011 -> 2018,3.0 V6 TDi 211 hp,211 hp,316 hp,+105 hp
Audi,A6,C7 - 2011 -> 2018,3.0 V6 TDi 245 hp,245 hp,297 hp,+52 hp
Audi,A6,C7 - 2011 -> 2018,3.0 V6 TDi 272 hp,272 hp,320 hp,+48 hp
Audi,A6,C7 - 2011 -> 2018,3.0 V6 TDI 320 hp,320 hp,409 hp,+89 hp
Audi,A6,C7 - 2011 -> 2018,3.0 V6 TDi (Quattro) 218 hp,218 hp,320 hp,+102 hp
Audi,A6,C7 - 2011 -> 2018,3.0 V6 TDi (Traction) 218 hp,218 hp,273 hp,+55 hp
Audi,A6,C7 - 2011 -> 2018,RS6 4.0 TFSi 560 hp,560 hp,678 hp,+118 hp
Audi,A6,C7 - 2011 -> 2018,RS6 4.0 TFSi Performance 605 hp,605 hp,678 hp,+73 hp
Audi,A6,C7 - 2011 -> 2018,S6 - 4.0 TFSi 420 hp,420 hp,542 hp,+122 hp
Audi,A6,C7 - 2011 -> 2018,S6 - 4.0 TFSi 450 hp,450 hp,541 hp,+91 hp
Audi,A6,C8 - 07/2018 -> ...,40 TDI - 2.0 TDI 204 hp,204 hp,0 hp,+-204 hp
Audi,A6,C8 - 07/2018 -> ...,45 TDI - 3.0 TDI 231 hp,231 hp,0 hp,+-231 hp
Audi,A6,C8 - 07/2018 -> ...,50 TDI - 3.0 TDI 286 hp,286 hp,0 hp,+-286 hp
Audi,A6,C8 - 07/2018 -> ...,55 TFSI - 3.0 TFSI 340 hp,340 hp,0 hp,+-340 hp
Audi,A7,... -> 2018,3.0 TDI 231 hp,231 hp,0 hp,+-231 hp
Audi,A7,... -> 2018,3.0 TDI 286 hp,286 hp,0 hp,+-286 hp
Audi,A7,... -> 2018,3.0 TFSI 340 hp,340 hp,0 hp,+-340 hp
Audi,A7,4GA - 2010 -> 2018,1.8 TFSi 190 hp,190 hp,223 hp,+33 hp
Audi,A7,4GA - 2010 -> 2018,2.0 TFSi 252 hp,252 hp,296 hp,+44 hp
Audi,A7,4GA - 2010 -> 2018,3.0 TFSi 310 hp,310 hp,401 hp,+91 hp
Audi,A7,4GA - 2010 -> 2018,3.0 TFSi 333 hp,333 hp,395 hp,+62 hp
Audi,A7,4GA - 2010 -> 2018,3.0 V6 Bi TDI 313 hp,313 hp,353 hp,+40 hp
Audi,A7,4GA - 2010 -> 2018,3.0 V6 Bi TDI 320 hp,320 hp,400 hp,+80 hp
Audi,A7,4GA - 2010 -> 2018,3.0 V6 Bi TDI Competition 326 hp,326 hp,407 hp,+81 hp
Audi,A7,4GA - 2010 -> 2018,3.0 V6 TDi 204 hp,204 hp,268 hp,+64 hp
Audi,A7,4GA - 2010 -> 2018,3.0 V6 TDi 211 hp,211 hp,321 hp,+110 hp
Audi,A7,4GA - 2010 -> 2018,3.0 V6 TDI 218 hp,218 hp,317 hp,+99 hp
Audi,A7,4GA - 2010 -> 2018,3.0 V6 TDi 245 hp,245 hp,298 hp,+53 hp
Audi,A7,4GA - 2010 -> 2018,3.0 V6 TDI 272 hp,272 hp,320 hp,+48 hp
Audi,A7,4GA - 2010 -> 2018,RS7 4.0 TFSi 560 hp,560 hp,678 hp,+118 hp
Audi,A7,4GA - 2010 -> 2018,S7 4.0 TFSi 420 hp,420 hp,544 hp,+124 hp
Audi,A7,4GA - 2010 -> 2018,S7 4.0 TFSi 450 hp,450 hp,544 hp,+94 hp
Audi,A8,D3 - 2003 -> 2010,3.0 V6 TDI 211 hp,211 hp,276 hp,+65 hp
Audi,A8,D3 - 2003 -> 2010,3.0 V6 TDI 233 hp,233 hp,277 hp,+44 hp
Audi,A8,D3 - 2003 -> 2010,4.0 V8 TDI 275 hp,275 hp,332 hp,+57 hp
Audi,A8,D3 - 2003 -> 2010,4.2 FSI V8 335 hp,335 hp,354 hp,+19 hp
Audi,A8,D3 - 2003 -> 2010,4.2 FSI V8 350 hp,350 hp,372 hp,+22 hp
Audi,A8,D3 - 2003 -> 2010,4.2 V8 TDI 326 hp,326 hp,376 hp,+50 hp
Audi,A8,D3 - 2003 -> 2010,5.2 FSI V10 450 hp,450 hp,475 hp,+25 hp
Audi,A8,D3 - 2003 -> 2010,6.0 W12 450 hp,450 hp,481 hp,+31 hp
Audi,A8,D4 - 2010 -> ...,3.0 TFSi 290 hp,290 hp,400 hp,+110 hp
Audi,A8,D4 - 2010 -> ...,3.0 TFSi 310 hp,310 hp,399 hp,+89 hp
Audi,A8,D4 - 2010 -> ...,3.0 V6 Bi TDI 313 hp,313 hp,350 hp,+37 hp
Audi,A8,D4 - 2010 -> ...,3.0 V6 TDI 211 hp,211 hp,322 hp,+111 hp
Audi,A8,D4 - 2010 -> ...,3.0 V6 TDI 250 hp,250 hp,308 hp,+58 hp
Audi,A8,D4 - 2010 -> ...,3.0 V6 TDI 258 hp,258 hp,308 hp,+50 hp
Audi,A8,D4 - 2010 -> ...,4.0 TFSI 420 hp,420 hp,541 hp,+121 hp
Audi,A8,D4 - 2010 -> ...,4.2 FSI 372 hp,372 hp,390 hp,+18 hp
Audi,A8,D4 - 2010 -> ...,4.2 V8 TDI 350 hp,350 hp,397 hp,+47 hp
Audi,A8,D4 - 2010 -> ...,4.2 V8 TDI 385 hp,385 hp,447 hp,+62 hp
Audi,A8,D4 - 2010 -> ...,S8 - 4.0 TFSi 520 hp,520 hp,680 hp,+160 hp
Audi,A8,D5 - 2016 -> ...,3.0 TDI 286 hp,286 hp,0 hp,+-286 hp
Audi,A8,D5 - 2016 -> ...,4.0 TFSI 435 hp,435 hp,683 hp,+248 hp
Audi,A8,D5 - 2016 -> ...,4.0 TFSI 580 hp,580 hp,0 hp,+-580 hp
Audi,A8,D5 - 2016 -> ...,6.0 W12 Bi Turbo 608 hp,608 hp,0 hp,+-608 hp
Audi,Q2,2016 -> ...,1.0 TFSi 116 hp,116 hp,135 hp,+19 hp
Audi,Q2,2016 -> ...,1.4 TFSi 150 hp,150 hp,175 hp,+25 hp
Audi,Q2,2016 -> ...,1.6 TDI 116 hp,116 hp,141 hp,+25 hp
Audi,Q2,2016 -> ...,2.0 TDI 150 hp,150 hp,190 hp,+40 hp
Audi,Q2,2016 -> ...,2.0 TDI 190 hp,190 hp,221 hp,+31 hp
Audi,Q2,2016 -> ...,2.0 TFSi 190 hp,190 hp,264 hp,+74 hp
Audi,Q3,U8 - 09/2011 -> 2014,1.4 TFSI 150 hp,150 hp,172 hp,+22 hp
Audi,Q3,U8 - 09/2011 -> 2014,2.0 TDI CR 136 hp,136 hp,184 hp,+48 hp
Audi,Q3,U8 - 09/2011 -> 2014,2.0 TDI CR 140 hp,140 hp,183 hp,+43 hp
Audi,Q3,U8 - 09/2011 -> 2014,2.0 TDI CR 163 hp,163 hp,209 hp,+46 hp
Audi,Q3,U8 - 09/2011 -> 2014,2.0 TDI CR 177 hp,177 hp,209 hp,+32 hp
Audi,Q3,U8 - 09/2011 -> 2014,2.0 TFSI 170 hp,170 hp,253 hp,+83 hp
Audi,Q3,U8 - 09/2011 -> 2014,2.0 TFSI 211 hp,211 hp,254 hp,+43 hp
Audi,Q3,U8 - 2015 -> 2018,1.4 TFSI 150 hp,150 hp,171 hp,+21 hp
Audi,Q3,U8 - 2015 -> 2018,2.0 TDI CR 120 hp,120 hp,189 hp,+69 hp
Audi,Q3,U8 - 2015 -> 2018,2.0 TDI CR 150 hp,150 hp,190 hp,+40 hp
Audi,Q3,U8 - 2015 -> 2018,2.0 TDI CR 184 hp,184 hp,218 hp,+34 hp
Audi,Q3,U8 - 2015 -> 2018,2.0 TFSI 180 hp,180 hp,257 hp,+77 hp
Audi,Q3,U8 - 2015 -> 2018,2.0 TFSI 220 hp,220 hp,255 hp,+35 hp
Audi,Q3,U8 - 2015 -> 2018,RSQ3 - 2.5 TFSI 314 hp,314 hp,425 hp,+111 hp
Audi,Q3,U8 - 2015 -> 2018,RSQ3 - 2.5 TFSI 340 hp,340 hp,419 hp,+79 hp
Audi,Q3,U8 - 2015 -> 2018,RSQ3 Performance - 2.5 TFSI 367 hp,367 hp,416 hp,+49 hp
Audi,Q5,8R - 2008 -> 2011,2.0 TDi 136 hp,136 hp,185 hp,+49 hp
Audi,Q5,8R - 2008 -> 2011,2.0 TDi 143 hp,143 hp,181 hp,+38 hp
Audi,Q5,8R - 2008 -> 2011,2.0 TDi 163 hp,163 hp,208 hp,+45 hp
Audi,Q5,8R - 2008 -> 2011,2.0 TDi 170 hp,170 hp,209 hp,+39 hp
Audi,Q5,8R - 2008 -> 2011,2.0 TFSi 180 hp,180 hp,260 hp,+80 hp
Audi,Q5,8R - 2008 -> 2011,2.0 TFSi 211 hp,211 hp,256 hp,+45 hp
Audi,Q5,8R - 2008 -> 2011,2.7 TDi 163 hp,163 hp,230 hp,+67 hp
Audi,Q5,8R - 2008 -> 2011,3.0 TDi 211 hp,211 hp,284 hp,+73 hp
Audi,Q5,8R - 2008 -> 2011,3.0 TDi 240 hp,240 hp,286 hp,+46 hp
Audi,Q5,8R - 2012 -> 2016,1.4 TFSI 150 hp,150 hp,183 hp,+33 hp
Audi,Q5,8R - 2012 -> 2016,2.0 TDI 143 hp,143 hp,190 hp,+47 hp
Audi,Q5,8R - 2012 -> 2016,2.0 TDI 150 hp,150 hp,200 hp,+50 hp
Audi,Q5,8R - 2012 -> 2016,2.0 TDI 163 hp,163 hp,211 hp,+48 hp
Audi,Q5,8R - 2012 -> 2016,2.0 TDI 177 hp,177 hp,208 hp,+31 hp
Audi,Q5,8R - 2012 -> 2016,2.0 TDI 190 hp,190 hp,210 hp,+20 hp
Audi,Q5,8R - 2012 -> 2016,2.0 TFSI 180 hp,180 hp,265 hp,+85 hp
Audi,Q5,8R - 2012 -> 2016,2.0 TFSI 225 hp,225 hp,263 hp,+38 hp
Audi,Q5,8R - 2012 -> 2016,2.0 TFSI 230 hp,230 hp,265 hp,+35 hp
Audi,Q5,8R - 2012 -> 2016,2.0 TFSI Hybrid 245 hp,245 hp,305 hp,+60 hp
Audi,Q5,8R - 2012 -> 2016,3.0 TDI 245 hp,245 hp,291 hp,+46 hp
Audi,Q5,8R - 2012 -> 2016,3.0 TDI 258 hp,258 hp,307 hp,+49 hp
Audi,Q5,8R - 2012 -> 2016,3.0 TFSi 272 hp,272 hp,402 hp,+130 hp
Audi,Q5,8R - 2012 -> 2016,3.0 TFSI 354 hp,354 hp,401 hp,+47 hp
Audi,Q5,8R - 2012 -> 2016,SQ5 3.0 V6 Bi TDI 313 hp,313 hp,350 hp,+37 hp
Audi,Q5,8R - 2012 -> 2016,SQ5 3.0 V6 Bi TDI 326 hp,326 hp,403 hp,+77 hp
Audi,Q5,8R - 2012 -> 2016,SQ5 Plus 3.0 V6 Bi TDI 340 hp,340 hp,405 hp,+65 hp
Audi,Q5,8R - 2017 -> ...,2.0 TDI CR 150 hp,150 hp,194 hp,+44 hp
Audi,Q5,8R - 2017 -> ...,2.0 TDI CR 163 hp,163 hp,216 hp,+53 hp
Audi,Q5,8R - 2017 -> ...,2.0 TDI CR 190 hp,190 hp,216 hp,+26 hp
Audi,Q5,8R - 2017 -> ...,2.0 TFSi 252 hp,252 hp,300 hp,+48 hp
Audi,Q5,8R - 2017 -> ...,3.0 TDI CR 286 hp,286 hp,0 hp,+-286 hp
Audi,Q5,8R - 2017 -> ...,SQ5 3.0 TFSI 354 hp,354 hp,398 hp,+44 hp
Audi,Q7,2006 -> 2010,3.0 TDi 211 hp,211 hp,280 hp,+69 hp
Audi,Q7,2006 -> 2010,3.0 TDi 233 hp,233 hp,281 hp,+48 hp
Audi,Q7,2006 -> 2010,3.0 TFSi 272 hp,272 hp,400 hp,+128 hp
Audi,Q7,2006 -> 2010,3.0 TFSi 333 hp,333 hp,404 hp,+71 hp
Audi,Q7,2006 -> 2010,3.6 FSi 280 hp,280 hp,297 hp,+17 hp
Audi,Q7,2006 -> 2010,4.2 FSi 350 hp,350 hp,368 hp,+18 hp
Audi,Q7,2006 -> 2010,4.2 TDi 326 hp,326 hp,371 hp,+45 hp
Audi,Q7,2006 -> 2010,6.0 TDi 500 hp,500 hp,603 hp,+103 hp
Audi,Q7,2010 -> 2014,3.0 TDi 204 hp,204 hp,272 hp,+68 hp
Audi,Q7,2010 -> 2014,3.0 TDi 240 hp,240 hp,291 hp,+51 hp
Audi,Q7,2010 -> 2014,3.0 TDi 245 hp,245 hp,293 hp,+48 hp
Audi,Q7,2010 -> 2014,3.0 TFSi 272 hp,272 hp,403 hp,+131 hp
Audi,Q7,2010 -> 2014,3.0 TFSi 333 hp,333 hp,397 hp,+64 hp
Audi,Q7,2010 -> 2014,4.2 TDi 340 hp,340 hp,395 hp,+55 hp
Audi,Q7,2010 -> 2014,6.0 TDi 500 hp,500 hp,600 hp,+100 hp
Audi,Q7,2015 -> ...,3.0 TDI CR 211 hp,211 hp,317 hp,+106 hp
Audi,Q7,2015 -> ...,3.0 TDI CR 218 hp,218 hp,325 hp,+107 hp
Audi,Q7,2015 -> ...,3.0 TDI CR 272 hp,272 hp,316 hp,+44 hp
Audi,Q7,2015 -> ...,3.0 TFSI 333 hp,333 hp,396 hp,+63 hp
Audi,Q7,2015 -> ...,E-Tron 373 hp,373 hp,435 hp,+62 hp
Audi,Q7,2015 -> ...,SQ7 - 4.0 V8 TDI 435 hp,435 hp,0 hp,+-435 hp
Audi,Q8,... -> 2018,50 TDI 286 hp,286 hp,324 hp,+38 hp
Audi,Q8,... -> 2018,E-Tron 449 hp,449 hp,436 hp,+-13 hp
Audi,Q8,... -> 2018,SQ8 - 4.0 V8 TDI 435 hp,435 hp,0 hp,+-435 hp
Audi,R8,2007 -> 2015,4.2 V8 420 hp,420 hp,443 hp,+23 hp
Audi,R8,2007 -> 2015,4.2 V8 430 hp,430 hp,455 hp,+25 hp
Audi,R8,2007 -> 2015,5.2 V10 525 hp,525 hp,581 hp,+56 hp
Audi,R8,2007 -> 2015,5.2 V10 + 550 hp,550 hp,584 hp,+34 hp
Audi,R8,2007 -> 2015,GT 560 hp,560 hp,583 hp,+23 hp
Audi,R8,2015 -> ...,5.2 V10 540 hp,540 hp,634 hp,+94 hp
Audi,R8,2015 -> ...,5.2 V10 Plus 610 hp,610 hp,635 hp,+25 hp
Audi,RS3,8P - 2011 -> 2014,RS3 2.5 TFSI 340 hp,340 hp,401 hp,+61 hp
Audi,RS3,8V Mk1 - 2015 -> 2016,RS3 2.5 TFSI 367 hp,367 hp,421 hp,+54 hp
Audi,RS3,8V Mk2 - 2017 -> ...,RS3 2.5 TFSI 400 hp,400 hp,473 hp,+73 hp
Audi,RS4,B7 - 2004 -> 2008,RS4 4.2 V8 420 hp,420 hp,445 hp,+25 hp
Audi,RS4,B8 - 2012 -> ...,RS4 4.2 V8 FSI 450 hp,450 hp,473 hp,+23 hp
Audi,RS4,B9 - 2017 > ...,2.9 TFSI V6 Bi-Turbo 450 hp,450 hp,525 hp,+75 hp
Audi,RS5,2010 -> ...,RS5 4.2 V8 450 hp,450 hp,469 hp,+19 hp
Audi,RS5,2017 -> ...,RS5 - 2.9 V6 Bi Turbo 450 hp,450 hp,525 hp,+75 hp
Audi,RS5,8T - 2010 -> ...,RS5 4.2 V8 450 hp,450 hp,468 hp,+18 hp
Audi,RS5,F5 - 2017 -> ...,RS5 - 2.9 V6 Bi Turbo 450 hp,450 hp,529 hp,+79 hp
Audi,RS6,C6 - 2004 > 2011,RS6 5.0 TFSi 580 hp,580 hp,682 hp,+102 hp
Audi,RS6,C7 - 2012 >,RS6 4.0 TFSi 560 hp,560 hp,682 hp,+122 hp
Audi,RS6,C7 - 2012 >,RS6 4.0 TFSi Performance 605 hp,605 hp,676 hp,+71 hp
Audi,RS7,C7 - 2013 >,'Performance' 605 hp,605 hp,684 hp,+79 hp
Audi,RS7,C7 - 2013 >,RS7 4.0 TFSI 560 hp,560 hp,683 hp,+123 hp
Audi,RSQ3,2016 -> ...,2.5 TFSI 314 hp,314 hp,415 hp,+101 hp
Audi,RSQ3,2016 -> ...,2.5 TFSI 340 hp,340 hp,418 hp,+78 hp
Audi,RSQ3,2016 -> ...,2.5 TFSI 'Performance' 367 hp,367 hp,425 hp,+58 hp
Audi,S1,2014 -> ...,S1 2.0 TFSi 231 hp,231 hp,305 hp,+74 hp
Audi,S3,8L - 1996 -> 2003,S3 1.8T 210 hp,210 hp,251 hp,+41 hp
Audi,S3,8L - 1996 -> 2003,S3 1.8T 225 hp,225 hp,248 hp,+23 hp
Audi,S3,8P Mk1 - 2003 -> 2008,S3 2.0 TFSi 265 hp,265 hp,296 hp,+31 hp
Audi,S3,8P Mk2 - 2008 -> 2012,S3 2.0 TFSi 265 hp,265 hp,303 hp,+38 hp
Audi,S3,8V Mk1 - 2012-> 2016,S3 2.0 TFSI 300 hp,300 hp,354 hp,+54 hp
Audi,S3,8V Mk2 - 07/2016 -> ...,S3 2.0 TFSI 310 hp,310 hp,353 hp,+43 hp
Audi,S4,B6 - 2001 -> 2004,S4 4.2 V8 344 hp,344 hp,364 hp,+20 hp
Audi,S4,B7 - 2004 -> 2008,S4 4.2 V8 344 hp,344 hp,366 hp,+22 hp
Audi,S4,B8 - 2008 -> 2015,S4 3.0 TFSI 333 hp,333 hp,396 hp,+63 hp
Audi,S4,B9 - 2016 -> ...,S4 - 3.0 TFSI 354 hp,354 hp,435 hp,+81 hp
Audi,S5,2007 -> 2016,S5 3.0 TFSi 333 hp,333 hp,402 hp,+69 hp
Audi,S5,2007 -> 2016,S5 4.2 V8 354 hp,354 hp,373 hp,+19 hp
Audi,S5,2016 -> ...,S5 3.0 TFSI 354 hp,354 hp,441 hp,+87 hp
Audi,S5,8T - 2007 -> 2016,S5 3.0 TFSi 333 hp,333 hp,402 hp,+69 hp
Audi,S5,8T - 2007 -> 2016,S5 4.2 V8 354 hp,354 hp,379 hp,+25 hp
Audi,S6,C5 - 1996 -> 2004,S6 4.2 V8 340 hp,340 hp,363 hp,+23 hp
Audi,S6,C6 - 2004 > ..,S6 5.2 FSI V10 435 hp,435 hp,459 hp,+24 hp
Audi,S6,C7 - 2012 >,4.0 TFSi 420 hp,420 hp,535 hp,+115 hp
Audi,S6,C7 - 2012 >,4.0 TFSi 450 hp,450 hp,537 hp,+87 hp
Audi,S7,2012 -> ...,4.0 TFSi 420 hp,420 hp,544 hp,+124 hp
Audi,S7,2012 -> ...,4.0 TFSi 450 hp,450 hp,545 hp,+95 hp
Audi,S8,2006 -> 2009,5.2 FSI V10 450 hp,450 hp,473 hp,+23 hp
Audi,S8,2012 -> ...,4.0 TFSi 520 hp,520 hp,682 hp,+162 hp
Audi,S8,2012 -> ...,S8 Plus - 4.0 TFSI 605 hp,605 hp,679 hp,+74 hp
Audi,SQ5,2012 -> 2017,3.0 TFSI 354 hp,354 hp,399 hp,+45 hp
Audi,SQ5,2012 -> 2017,3.0 V6 Bi TDI 313 hp,313 hp,355 hp,+42 hp
Audi,SQ5,2012 -> 2017,3.0 V6 Bi TDI 326 hp,326 hp,409 hp,+83 hp
Audi,SQ5,2012 -> 2017,3.0 V6 Bi TDI - Plus 340 hp,340 hp,405 hp,+65 hp
Audi,SQ5,2017 -> ...,3.0 TFSI 354 hp,354 hp,405 hp,+51 hp
Audi,SQ7,2016 -> ...,4.0 V8 TDI 435 hp,435 hp,0 hp,+-435 hp
Audi,TT,8J - 2006 -> 2014,1.8 TFSI 160 hp,160 hp,214 hp,+54 hp
Audi,TT,8J - 2006 -> 2014,2.0 TDI CR 170 hp,170 hp,209 hp,+39 hp
Audi,TT,8J - 2006 -> 2014,2.0 TFSI 200 hp,200 hp,236 hp,+36 hp
Audi,TT,8J - 2006 -> 2014,2.0 TFSI 211 hp,211 hp,255 hp,+44 hp
Audi,TT,8J - 2006 -> 2014,2.0 TFSI S 272 hp,272 hp,297 hp,+25 hp
Audi,TT,8J - 2006 -> 2014,2.5 TFSI RS 340 hp,340 hp,400 hp,+60 hp
Audi,TT,8J - 2006 -> 2014,2.5 TFSI RS Plus 360 hp,360 hp,405 hp,+45 hp
Audi,TT,8J - 2006 -> 2014,3.2 V6 250 hp,250 hp,274 hp,+24 hp
Audi,TT,8N - 11/1997 -> 10/2006,1.8 T 150 hp,150 hp,189 hp,+39 hp
Audi,TT,8N - 11/1997 -> 10/2006,1.8 T 180 hp,180 hp,210 hp,+30 hp
Audi,TT,8N - 11/1997 -> 10/2006,1.8 T 225 hp,225 hp,250 hp,+25 hp
Audi,TT,8N - 11/1997 -> 10/2006,3.2 V6 250 hp,250 hp,270 hp,+20 hp
Audi,TT,8S - 2014 -> ...,1.8 TFSi 180 hp,180 hp,217 hp,+37 hp
Audi,TT,8S - 2014 -> ...,2.0 TDi CR 184 hp,184 hp,221 hp,+37 hp
Audi,TT,8S - 2014 -> ...,2.0 TFSi 230 hp,230 hp,302 hp,+72 hp
Audi,TT,8S - 2014 -> ...,RS - 2.5 TFSI 400 hp,400 hp,470 hp,+70 hp
Audi,TT,8S - 2014 -> ...,S - 2.0 TFSi 310 hp,310 hp,347 hp,+37 hp
Audi,TT,8S - 2014 -> 2018,1.8 TFSi 180 hp,180 hp,225 hp,+45 hp
Audi,TT,8S - 2014 -> 2018,2.0 TDi CR 184 hp,184 hp,216 hp,+32 hp
Audi,TT,8S - 2014 -> 2018,2.0 TFSi 230 hp,230 hp,304 hp,+74 hp
Audi,TT,8S - 2014 -> 2018,RS - 2.5 TFSI 400 hp,400 hp,474 hp,+74 hp
Audi,TT,8S - 2014 -> 2018,S - 2.0 TFSi 310 hp,310 hp,349 hp,+39 hp
Audi,TT,8S Ph2 - 09/2018 -> ...,2.0 TFSI 245 hp,245 hp,300 hp,+55 hp
Audi,TT RS,8J - 2006 -> 2014,2.5 TFSI RS 340 hp,340 hp,403 hp,+63 hp
Audi,TT RS,8J - 2006 -> 2014,2.5 TFSI RS Plus 360 hp,360 hp,400 hp,+40 hp
Audi,TT RS,8S - 2014 -> ...,2.5 TFSI RS 400 hp,400 hp,466 hp,+66 hp
Audi,TT S,8J - 2006 -> 2014,8J - 2.0 TFSI 272 hp,272 hp,298 hp,+26 hp
Audi,TT S,8S - 2014 -> ...,8S - 2.0 TSi 310 hp,310 hp,352 hp,+42 hp
Belarus,MT 2022.4,All,7.1 228HP 228 hp,228 hp,278 hp,+50 hp
Belarus,MTS 1221.4,All,6.0 141HP 141 hp,141 hp,173 hp,+32 hp
Belarus,MTS 1523.4,All,6.0 160HP 160 hp,160 hp,189 hp,+29 hp
Bentley,Bentayga,2016 -> ...,4.0 V8 Bi-Turbo 550 hp,550 hp,0 hp,+-550 hp
Bentley,Bentayga,2016 -> ...,4.0D V8 435 hp,435 hp,0 hp,+-435 hp
Bentley,Bentayga,2016 -> ...,6.0 W12 Bi Turbo 608 hp,608 hp,0 hp,+-608 hp
Bentley,Continental Flying Spur,All,4.0 TFSi V8 507 hp,507 hp,680 hp,+173 hp
Bentley,Continental Flying Spur,All,6.0 W12 Bi-Turbo 560 hp,560 hp,678 hp,+118 hp
Bentley,Continental Flying Spur,All,6.0 W12 Bi-Turbo 610 hp,610 hp,677 hp,+67 hp
Bentley,Continental Flying Spur,All,6.0 W12 Bi-Turbo 625 hp,625 hp,677 hp,+52 hp
Bentley,Continental GT / S,All,4.0 TFSi V8 507 hp,507 hp,685 hp,+178 hp
Bentley,Continental GT / S,All,4.0 TFSi V8 S 528 hp,528 hp,681 hp,+153 hp
Bentley,Continental GT / S,All,6.0 W12 Bi-Turbo 560 hp,560 hp,683 hp,+123 hp
Bentley,Continental GT / S,All,6.0 W12 Bi-Turbo 575 hp,575 hp,678 hp,+103 hp
Bentley,Continental GT / S,All,6.0 W12 Bi-Turbo 590 hp,590 hp,675 hp,+85 hp
Bentley,Continental GT / S,All,6.0 W12 Bi-Turbo 610 hp,610 hp,677 hp,+67 hp
Bentley,Continental GT / S,All,6.0 W12 Bi-Turbo 630 hp,630 hp,682 hp,+52 hp
Bentley,Continental GT Speed,All,6.0 W12 Bi-Turbo 635 hp,635 hp,684 hp,+49 hp
Bentley,Continental GT3-R,All,4.0 TFSi V8 580 hp,580 hp,684 hp,+104 hp
Bentley,Continental GTC,All,4.0 TFSi V8 507 hp,507 hp,685 hp,+178 hp
Bentley,Continental GTC,All,4.0 TFSi V8 S 528 hp,528 hp,683 hp,+155 hp
Bentley,Continental GTC,All,6.0 W12 Bi-Turbo 560 hp,560 hp,678 hp,+118 hp
Bentley,Continental GTC,All,6.0 W12 Bi-Turbo 610 hp,610 hp,683 hp,+73 hp
Bentley,Continental GTC,All,6.0 W12 Bi-Turbo 630 hp,630 hp,683 hp,+53 hp
Bentley,Continental Supersports,2017 -> ...,W12 6.0 710 hp,710 hp,0 hp,+-710 hp
Bentley,Mulsanne,2016 -> ...,6.75 V8 Bi-Turbo 537 hp,537 hp,652 hp,+115 hp
Bentley,Mulsanne,2016 -> ...,6.75 V8 512 hp,512 hp,0 hp,+-512 hp
BMW,1 Serie,E8x - 2005 -> 2007,116i 116 hp,116 hp,125 hp,+9 hp
BMW,1 Serie,E8x - 2005 -> 2007,118d 122 hp,122 hp,152 hp,+30 hp
BMW,1 Serie,E8x - 2005 -> 2007,120d 150 hp,150 hp,195 hp,+45 hp
BMW,1 Serie,E8x - 2005 -> 2007,120d 163 hp,163 hp,201 hp,+38 hp
BMW,1 Serie,E8x - 2005 -> 2007,135i - N54 306 hp,306 hp,371 hp,+65 hp
BMW,1 Serie,E8x LCI - 2007 -> 2011,116d 115 hp,115 hp,181 hp,+66 hp
BMW,1 Serie,E8x LCI - 2007 -> 2011,116i 122 hp,122 hp,134 hp,+12 hp
BMW,1 Serie,E8x LCI - 2007 -> 2011,118d 136 hp,136 hp,177 hp,+41 hp
BMW,1 Serie,E8x LCI - 2007 -> 2011,118d 143 hp,143 hp,175 hp,+32 hp
BMW,1 Serie,E8x LCI - 2007 -> 2011,120d 163 hp,163 hp,214 hp,+51 hp
BMW,1 Serie,E8x LCI - 2007 -> 2011,120d 177 hp,177 hp,209 hp,+32 hp
BMW,1 Serie,E8x LCI - 2007 -> 2011,120D performance package 197 hp,197 hp,225 hp,+28 hp
BMW,1 Serie,E8x LCI - 2007 -> 2011,123d 204 hp,204 hp,250 hp,+46 hp
BMW,1 Serie,E8x LCI - 2007 -> 2011,123d (May 2010) 204 hp,204 hp,265 hp,+61 hp
BMW,1 Serie,E8x LCI - 2007 -> 2011,125i 211 hp,211 hp,276 hp,+65 hp
BMW,1 Serie,E8x LCI - 2007 -> 2011,125i 218 hp,218 hp,278 hp,+60 hp
BMW,1 Serie,E8x LCI - 2007 -> 2011,128i 228 hp,228 hp,277 hp,+49 hp
BMW,1 Serie,E8x LCI - 2007 -> 2011,130i 258 hp,258 hp,282 hp,+24 hp
BMW,1 Serie,E8x LCI - 2007 -> 2011,130i 265 hp,265 hp,279 hp,+14 hp
BMW,1 Serie,E8x LCI - 2007 -> 2011,135i - N54 306 hp,306 hp,375 hp,+69 hp
BMW,1 Serie,E8x LCI - 2007 -> 2011,135i - N54 - PPK 326 hp,326 hp,374 hp,+48 hp
BMW,1 Serie,E8x LCI - 2007 -> 2011,135i - N55 Twinscroll 306 hp,306 hp,365 hp,+59 hp
BMW,1 Serie,E8x LCI - 2007 -> 2011,1M - 3.0i Biturbo 340 hp,340 hp,370 hp,+30 hp
BMW,1 Serie,F2x - 2011 -> 2015,114d 95 hp,95 hp,153 hp,+58 hp
BMW,1 Serie,F2x - 2011 -> 2015,114i 102 hp,102 hp,221 hp,+119 hp
BMW,1 Serie,F2x - 2011 -> 2015,116d 116 hp,116 hp,188 hp,+72 hp
BMW,1 Serie,F2x - 2011 -> 2015,116i 136 hp,136 hp,220 hp,+84 hp
BMW,1 Serie,F2x - 2011 -> 2015,118d 136 hp,136 hp,187 hp,+51 hp
BMW,1 Serie,F2x - 2011 -> 2015,118d 143 hp,143 hp,186 hp,+43 hp
BMW,1 Serie,F2x - 2011 -> 2015,118i 170 hp,170 hp,221 hp,+51 hp
BMW,1 Serie,F2x - 2011 -> 2015,120d 163 hp,163 hp,225 hp,+62 hp
BMW,1 Serie,F2x - 2011 -> 2015,120d 184 hp,184 hp,216 hp,+32 hp
BMW,1 Serie,F2x - 2011 -> 2015,120d PP 200 hp,200 hp,223 hp,+23 hp
BMW,1 Serie,F2x - 2011 -> 2015,125d 211 hp,211 hp,271 hp,+60 hp
BMW,1 Serie,F2x - 2011 -> 2015,125d 218 hp,218 hp,269 hp,+51 hp
BMW,1 Serie,F2x - 2011 -> 2015,125i 218 hp,218 hp,286 hp,+68 hp
BMW,1 Serie,F2x - 2011 -> 2015,125i MPP 238 hp,238 hp,287 hp,+49 hp
BMW,1 Serie,F2x - 2011 -> 2015,M135i - (... -> 07/13) 320 hp,320 hp,362 hp,+42 hp
BMW,1 Serie,F2x - 2011 -> 2015,M135i - (07/13 -> 2015) 320 hp,320 hp,377 hp,+57 hp
BMW,1 Serie,F2x LCI - 2015 -> ...,114d 95 hp,95 hp,151 hp,+56 hp
BMW,1 Serie,F2x LCI - 2015 -> ...,114d - 04/15 > ... 95 hp,95 hp,152 hp,+57 hp
BMW,1 Serie,F2x LCI - 2015 -> ...,116d 116 hp,116 hp,147 hp,+31 hp
BMW,1 Serie,F2x LCI - 2015 -> ...,116i 109 hp,109 hp,175 hp,+66 hp
BMW,1 Serie,F2x LCI - 2015 -> ...,118d 150 hp,150 hp,191 hp,+41 hp
BMW,1 Serie,F2x LCI - 2015 -> ...,118i 136 hp,136 hp,219 hp,+83 hp
BMW,1 Serie,F2x LCI - 2015 -> ...,118i 170 hp,170 hp,219 hp,+49 hp
BMW,1 Serie,F2x LCI - 2015 -> ...,120d 163 hp,163 hp,225 hp,+62 hp
BMW,1 Serie,F2x LCI - 2015 -> ...,120d 190 hp,190 hp,220 hp,+30 hp
BMW,1 Serie,F2x LCI - 2015 -> ...,120i 177 hp,177 hp,225 hp,+48 hp
BMW,1 Serie,F2x LCI - 2015 -> ...,120i 184 hp,184 hp,264 hp,+80 hp
BMW,1 Serie,F2x LCI - 2015 -> ...,125d 211 hp,211 hp,273 hp,+62 hp
BMW,1 Serie,F2x LCI - 2015 -> ...,125d 224 hp,224 hp,269 hp,+45 hp
BMW,1 Serie,F2x LCI - 2015 -> ...,125i 218 hp,218 hp,287 hp,+69 hp
BMW,1 Serie,F2x LCI - 2015 -> ...,M135i 326 hp,326 hp,376 hp,+50 hp
BMW,1 Serie,F2x LCI - 2015 -> ...,M140i 340 hp,340 hp,0 hp,+-340 hp
BMW,1 Serie,F2x LCI - 2015 -> ...,M140i (PP) 360 hp,360 hp,403 hp,+43 hp
BMW,1M Coup,E82 - 2011 -> ...,3.0i Biturbo 340 hp,340 hp,377 hp,+37 hp
BMW,2 Serie,F2x - 2013 -> ...,218d 136 hp,136 hp,188 hp,+52 hp
BMW,2 Serie,F2x - 2013 -> ...,218d 143 hp,143 hp,187 hp,+44 hp
BMW,2 Serie,F2x - 2013 -> ...,218d 150 hp,150 hp,185 hp,+35 hp
BMW,2 Serie,F2x - 2013 -> ...,218i 136 hp,136 hp,173 hp,+37 hp
BMW,2 Serie,F2x - 2013 -> ...,220d 163 hp,163 hp,223 hp,+60 hp
BMW,2 Serie,F2x - 2013 -> ...,220d 184 hp,184 hp,218 hp,+34 hp
BMW,2 Serie,F2x - 2013 -> ...,220d - 02/2014 > 190 hp,190 hp,220 hp,+30 hp
BMW,2 Serie,F2x - 2013 -> ...,220d PP 200 hp,200 hp,217 hp,+17 hp
BMW,2 Serie,F2x - 2013 -> ...,220i 184 hp,184 hp,255 hp,+71 hp
BMW,2 Serie,F2x - 2013 -> ...,225d 218 hp,218 hp,266 hp,+48 hp
BMW,2 Serie,F2x - 2013 -> ...,225d 224 hp,224 hp,267 hp,+43 hp
BMW,2 Serie,F2x - 2013 -> ...,228i 245 hp,245 hp,295 hp,+50 hp
BMW,2 Serie,F2x - 2013 -> ...,230i 252 hp,252 hp,0 hp,+-252 hp
BMW,2 Serie,F2x - 2013 -> ...,M2 370 hp,370 hp,406 hp,+36 hp
BMW,2 Serie,F2x - 2013 -> ...,M2 Competition 410 hp,410 hp,498 hp,+88 hp
BMW,2 Serie,F2x - 2013 -> ...,M235i 326 hp,326 hp,381 hp,+55 hp
BMW,2 Serie,F2x - 2013 -> ...,M240i 340 hp,340 hp,0 hp,+-340 hp
BMW,2 Serie,F2x - 2013 -> ...,M240i (PP) 360 hp,360 hp,396 hp,+36 hp
BMW,2 Serie Grand/Active Tourer,F45/F46 - 2014 -> ...,214d 95 hp,95 hp,148 hp,+53 hp
BMW,2 Serie Grand/Active Tourer,F45/F46 - 2014 -> ...,216d 116 hp,116 hp,151 hp,+35 hp
BMW,2 Serie Grand/Active Tourer,F45/F46 - 2014 -> ...,216i 102 hp,102 hp,166 hp,+64 hp
BMW,2 Serie Grand/Active Tourer,F45/F46 - 2014 -> ...,218d 136 hp,136 hp,187 hp,+51 hp
BMW,2 Serie Grand/Active Tourer,F45/F46 - 2014 -> ...,218d 150 hp,150 hp,188 hp,+38 hp
BMW,2 Serie Grand/Active Tourer,F45/F46 - 2014 -> ...,218i 136 hp,136 hp,173 hp,+37 hp
BMW,2 Serie Grand/Active Tourer,F45/F46 - 2014 -> ...,220d 190 hp,190 hp,220 hp,+30 hp
BMW,2 Serie Grand/Active Tourer,F45/F46 - 2014 -> ...,220i 192 hp,192 hp,265 hp,+73 hp
BMW,2 Serie Grand/Active Tourer,F45/F46 - 2014 -> ...,225i 231 hp,231 hp,295 hp,+64 hp
BMW,2 Serie Grand/Active Tourer,F45/F46 - 2014 -> ...,225xe 224 hp,224 hp,251 hp,+27 hp
BMW,3 Serie,E46 - 1998 -> 2005,318d 115 hp,115 hp,140 hp,+25 hp
BMW,3 Serie,E46 - 1998 -> 2005,320d 128 hp,128 hp,180 hp,+52 hp
BMW,3 Serie,E46 - 1998 -> 2005,320d 136 hp,136 hp,162 hp,+26 hp
BMW,3 Serie,E46 - 1998 -> 2005,320d 150 hp,150 hp,180 hp,+30 hp
BMW,3 Serie,E46 - 1998 -> 2005,325i 192 hp,192 hp,204 hp,+12 hp
BMW,3 Serie,E46 - 1998 -> 2005,330d 184 hp,184 hp,216 hp,+32 hp
BMW,3 Serie,E46 - 1998 -> 2005,330d 204 hp,204 hp,253 hp,+49 hp
BMW,3 Serie,E46 - 1998 -> 2005,330i 231 hp,231 hp,249 hp,+18 hp
BMW,3 Serie,E46 - 1998 -> 2005,M3 343 hp,343 hp,367 hp,+24 hp
BMW,3 Serie,E46 - 1998 -> 2005,M3 CSL 360 hp,360 hp,383 hp,+23 hp
BMW,3 Serie,E9x - 2005 -> 2010,316d 115 hp,115 hp,179 hp,+64 hp
BMW,3 Serie,E9x - 2005 -> 2010,318d 122 hp,122 hp,153 hp,+31 hp
BMW,3 Serie,E9x - 2005 -> 2010,318d 136 hp,136 hp,184 hp,+48 hp
BMW,3 Serie,E9x - 2005 -> 2010,318d 143 hp,143 hp,183 hp,+40 hp
BMW,3 Serie,E9x - 2005 -> 2010,320d 150 hp,150 hp,189 hp,+39 hp
BMW,3 Serie,E9x - 2005 -> 2010,320d 177 hp,177 hp,211 hp,+34 hp
BMW,3 Serie,E9x - 2005 -> 2010,320d (...->2007) 163 hp,163 hp,208 hp,+45 hp
BMW,3 Serie,E9x - 2005 -> 2010,320d (2007->...) 163 hp,163 hp,213 hp,+50 hp
BMW,3 Serie,E9x - 2005 -> 2010,320i 150 hp,150 hp,179 hp,+29 hp
BMW,3 Serie,E9x - 2005 -> 2010,320i 163 hp,163 hp,172 hp,+9 hp
BMW,3 Serie,E9x - 2005 -> 2010,320Si 173 hp,173 hp,185 hp,+12 hp
BMW,3 Serie,E9x - 2005 -> 2010,325d 197 hp,197 hp,254 hp,+57 hp
BMW,3 Serie,E9x - 2005 -> 2010,325i - N52 211 hp,211 hp,231 hp,+20 hp
BMW,3 Serie,E9x - 2005 -> 2010,325i - N52 218 hp,218 hp,237 hp,+19 hp
BMW,3 Serie,E9x - 2005 -> 2010,325i - N53 211 hp,211 hp,260 hp,+49 hp
BMW,3 Serie,E9x - 2005 -> 2010,325i - N53 218 hp,218 hp,268 hp,+50 hp
BMW,3 Serie,E9x - 2005 -> 2010,328i 230 hp,230 hp,273 hp,+43 hp
BMW,3 Serie,E9x - 2005 -> 2010,330d 211 hp,211 hp,278 hp,+67 hp
BMW,3 Serie,E9x - 2005 -> 2010,330d 231 hp,231 hp,278 hp,+47 hp
BMW,3 Serie,E9x - 2005 -> 2010,330d 245 hp,245 hp,305 hp,+60 hp
BMW,3 Serie,E9x - 2005 -> 2010,330i 258 hp,258 hp,282 hp,+24 hp
BMW,3 Serie,E9x - 2005 -> 2010,330i 272 hp,272 hp,293 hp,+21 hp
BMW,3 Serie,E9x - 2005 -> 2010,335d 286 hp,286 hp,338 hp,+52 hp
BMW,3 Serie,E9x - 2005 -> 2010,335d 306 hp,306 hp,343 hp,+37 hp
BMW,3 Serie,E9x - 2005 -> 2010,335i - N54 306 hp,306 hp,366 hp,+60 hp
BMW,3 Serie,E9x - 2005 -> 2010,335i - N54 - PPK 326 hp,326 hp,375 hp,+49 hp
BMW,3 Serie,E9x - 2005 -> 2010,335i - N55 Twinscroll 306 hp,306 hp,361 hp,+55 hp
BMW,3 Serie,E9x - 2005 -> 2010,M3 420 hp,420 hp,437 hp,+17 hp
BMW,3 Serie,E9x LCI - 05/2010 -> 12/2011,316d 115 hp,115 hp,184 hp,+69 hp
BMW,3 Serie,E9x LCI - 05/2010 -> 12/2011,318d 136 hp,136 hp,180 hp,+44 hp
BMW,3 Serie,E9x LCI - 05/2010 -> 12/2011,318d 143 hp,143 hp,187 hp,+44 hp
BMW,3 Serie,E9x LCI - 05/2010 -> 12/2011,320d 163 hp,163 hp,207 hp,+44 hp
BMW,3 Serie,E9x LCI - 05/2010 -> 12/2011,320d 184 hp,184 hp,206 hp,+22 hp
BMW,3 Serie,E9x LCI - 05/2010 -> 12/2011,320d PPK 200 hp,200 hp,205 hp,+5 hp
BMW,3 Serie,E9x LCI - 05/2010 -> 12/2011,320i 163 hp,163 hp,172 hp,+9 hp
BMW,3 Serie,E9x LCI - 05/2010 -> 12/2011,325d 204 hp,204 hp,304 hp,+100 hp
BMW,3 Serie,E9x LCI - 05/2010 -> 12/2011,325i - N53 211 hp,211 hp,264 hp,+53 hp
BMW,3 Serie,E9x LCI - 05/2010 -> 12/2011,325i - N53 218 hp,218 hp,261 hp,+43 hp
BMW,3 Serie,E9x LCI - 05/2010 -> 12/2011,330d 211 hp,211 hp,299 hp,+88 hp
BMW,3 Serie,E9x LCI - 05/2010 -> 12/2011,330d 245 hp,245 hp,299 hp,+54 hp
BMW,3 Serie,E9x LCI - 05/2010 -> 12/2011,330i 272 hp,272 hp,288 hp,+16 hp
BMW,3 Serie,E9x LCI - 05/2010 -> 12/2011,335d 286 hp,286 hp,339 hp,+53 hp
BMW,3 Serie,E9x LCI - 05/2010 -> 12/2011,335d 306 hp,306 hp,340 hp,+34 hp
BMW,3 Serie,E9x LCI - 05/2010 -> 12/2011,335i - N55 Twinscroll 306 hp,306 hp,363 hp,+57 hp
BMW,3 Serie,E9x LCI - 05/2010 -> 12/2011,335i - N55 Twinscroll PPK 326 hp,326 hp,366 hp,+40 hp
BMW,3 Serie,E9x LCI - 05/2010 -> 12/2011,M3 420 hp,420 hp,443 hp,+23 hp
BMW,3 Serie,F3x - 10/2011 -> 2015,316d 116 hp,116 hp,195 hp,+79 hp
BMW,3 Serie,F3x - 10/2011 -> 2015,316i 136 hp,136 hp,224 hp,+88 hp
BMW,3 Serie,F3x - 10/2011 -> 2015,318d 136 hp,136 hp,189 hp,+53 hp
BMW,3 Serie,F3x - 10/2011 -> 2015,318d 143 hp,143 hp,187 hp,+44 hp
BMW,3 Serie,F3x - 10/2011 -> 2015,320d 163 hp,163 hp,225 hp,+62 hp
BMW,3 Serie,F3x - 10/2011 -> 2015,320d 184 hp,184 hp,224 hp,+40 hp
BMW,3 Serie,F3x - 10/2011 -> 2015,320d PP 200 hp,200 hp,217 hp,+17 hp
BMW,3 Serie,F3x - 10/2011 -> 2015,320i 184 hp,184 hp,265 hp,+81 hp
BMW,3 Serie,F3x - 10/2011 -> 2015,320i EDE 170 hp,170 hp,222 hp,+52 hp
BMW,3 Serie,F3x - 10/2011 -> 2015,325d 211 hp,211 hp,269 hp,+58 hp
BMW,3 Serie,F3x - 10/2011 -> 2015,325d 218 hp,218 hp,275 hp,+57 hp
BMW,3 Serie,F3x - 10/2011 -> 2015,328i 245 hp,245 hp,294 hp,+49 hp
BMW,3 Serie,F3x - 10/2011 -> 2015,328i SULEV 245 hp,245 hp,286 hp,+41 hp
BMW,3 Serie,F3x - 10/2011 -> 2015,330d 258 hp,258 hp,312 hp,+54 hp
BMW,3 Serie,F3x - 10/2011 -> 2015,330d PP 286 hp,286 hp,309 hp,+23 hp
BMW,3 Serie,F3x - 10/2011 -> 2015,335i 306 hp,306 hp,367 hp,+61 hp
BMW,3 Serie,F3x - 10/2011 -> 2015,335i Active Hybrid 340 hp,340 hp,397 hp,+57 hp
BMW,3 Serie,F3x - 10/2011 -> 2015,335i PP 339 hp,339 hp,370 hp,+31 hp
BMW,3 Serie,F3x - 10/2011 -> 2015,335xd 313 hp,313 hp,364 hp,+51 hp
BMW,3 Serie,F3x - 10/2011 -> 2015,M3 431 hp,431 hp,502 hp,+71 hp
BMW,3 Serie,F3x - 10/2011 -> 2015,M3 Competition 450 hp,450 hp,498 hp,+48 hp
BMW,3 Serie,F3x - 12/2011 -> 2015,316d 116 hp,116 hp,185 hp,+69 hp
BMW,3 Serie,F3x - 12/2011 -> 2015,316i 136 hp,136 hp,222 hp,+86 hp
BMW,3 Serie,F3x - 12/2011 -> 2015,318d 136 hp,136 hp,194 hp,+58 hp
BMW,3 Serie,F3x - 12/2011 -> 2015,318d 143 hp,143 hp,193 hp,+50 hp
BMW,3 Serie,F3x - 12/2011 -> 2015,320d 163 hp,163 hp,216 hp,+53 hp
BMW,3 Serie,F3x - 12/2011 -> 2015,320d 184 hp,184 hp,225 hp,+41 hp
BMW,3 Serie,F3x - 12/2011 -> 2015,320d PP 200 hp,200 hp,223 hp,+23 hp
BMW,3 Serie,F3x - 12/2011 -> 2015,320i 184 hp,184 hp,256 hp,+72 hp
BMW,3 Serie,F3x - 12/2011 -> 2015,320i EDE 170 hp,170 hp,222 hp,+52 hp
BMW,3 Serie,F3x - 12/2011 -> 2015,325d 211 hp,211 hp,270 hp,+59 hp
BMW,3 Serie,F3x - 12/2011 -> 2015,325d 218 hp,218 hp,265 hp,+47 hp
BMW,3 Serie,F3x - 12/2011 -> 2015,328i 245 hp,245 hp,295 hp,+50 hp
BMW,3 Serie,F3x - 12/2011 -> 2015,328i SULEV 245 hp,245 hp,289 hp,+44 hp
BMW,3 Serie,F3x - 12/2011 -> 2015,330d 258 hp,258 hp,312 hp,+54 hp
BMW,3 Serie,F3x - 12/2011 -> 2015,330d PP 286 hp,286 hp,306 hp,+20 hp
BMW,3 Serie,F3x - 12/2011 -> 2015,335i 306 hp,306 hp,369 hp,+63 hp
BMW,3 Serie,F3x - 12/2011 -> 2015,335i Active Hybrid 340 hp,340 hp,396 hp,+56 hp
BMW,3 Serie,F3x - 12/2011 -> 2015,335i PP 339 hp,339 hp,370 hp,+31 hp
BMW,3 Serie,F3x - 12/2011 -> 2015,335xd 313 hp,313 hp,359 hp,+46 hp
BMW,3 Serie,F3x - 12/2011 -> 2015,M3 431 hp,431 hp,495 hp,+64 hp
BMW,3 Serie,F3x - 12/2011 -> 2015,M3 Competition 450 hp,450 hp,502 hp,+52 hp
BMW,3 Serie,F3x LCI - 06/2015 -> ...,316d 116 hp,116 hp,188 hp,+72 hp
BMW,3 Serie,F3x LCI - 06/2015 -> ...,318d 136 hp,136 hp,191 hp,+55 hp
BMW,3 Serie,F3x LCI - 06/2015 -> ...,318d 150 hp,150 hp,186 hp,+36 hp
BMW,3 Serie,F3x LCI - 06/2015 -> ...,318i 136 hp,136 hp,174 hp,+38 hp
BMW,3 Serie,F3x LCI - 06/2015 -> ...,320d 190 hp,190 hp,223 hp,+33 hp
BMW,3 Serie,F3x LCI - 06/2015 -> ...,320i 184 hp,184 hp,260 hp,+76 hp
BMW,3 Serie,F3x LCI - 06/2015 -> ...,325d 211 hp,211 hp,266 hp,+55 hp
BMW,3 Serie,F3x LCI - 06/2015 -> ...,325d 218 hp,218 hp,275 hp,+57 hp
BMW,3 Serie,F3x LCI - 06/2015 -> ...,325d 224 hp,224 hp,268 hp,+44 hp
BMW,3 Serie,F3x LCI - 06/2015 -> ...,330d 258 hp,258 hp,312 hp,+54 hp
BMW,3 Serie,F3x LCI - 06/2015 -> ...,330e 252 hp,252 hp,315 hp,+63 hp
BMW,3 Serie,F3x LCI - 06/2015 -> ...,330i 252 hp,252 hp,313 hp,+61 hp
BMW,3 Serie,F3x LCI - 06/2015 -> ...,330i 230 hp,230 hp,307 hp,+77 hp
BMW,3 Serie,F3x LCI - 06/2015 -> ...,335xd 313 hp,313 hp,359 hp,+46 hp
BMW,3 Serie,F3x LCI - 06/2015 -> ...,340i 326 hp,326 hp,400 hp,+74 hp
BMW,3 Serie,F3x LCI - 06/2015 -> ...,340i (PP) 360 hp,360 hp,403 hp,+43 hp
BMW,3 Serie,F3x LCI - 06/2015 -> ...,M3 431 hp,431 hp,499 hp,+68 hp
BMW,3 Serie,F3x LCI - 06/2015 -> ...,M3 Competition 450 hp,450 hp,505 hp,+55 hp
BMW,3 Serie,F3x LCI - 06/2015 -> ...,M3 CS 460 hp,460 hp,495 hp,+35 hp
BMW,3 Serie,F3x LCI - 06/2015 -> 2019,316d 116 hp,116 hp,194 hp,+78 hp
BMW,3 Serie,F3x LCI - 06/2015 -> 2019,318d 136 hp,136 hp,192 hp,+56 hp
BMW,3 Serie,F3x LCI - 06/2015 -> 2019,318d 150 hp,150 hp,192 hp,+42 hp
BMW,3 Serie,F3x LCI - 06/2015 -> 2019,318i 136 hp,136 hp,170 hp,+34 hp
BMW,3 Serie,F3x LCI - 06/2015 -> 2019,320d 190 hp,190 hp,216 hp,+26 hp
BMW,3 Serie,F3x LCI - 06/2015 -> 2019,320i 184 hp,184 hp,255 hp,+71 hp
BMW,3 Serie,F3x LCI - 06/2015 -> 2019,325d 211 hp,211 hp,267 hp,+56 hp
BMW,3 Serie,F3x LCI - 06/2015 -> 2019,325d 218 hp,218 hp,266 hp,+48 hp
BMW,3 Serie,F3x LCI - 06/2015 -> 2019,325d 224 hp,224 hp,266 hp,+42 hp
BMW,3 Serie,F3x LCI - 06/2015 -> 2019,330d 258 hp,258 hp,309 hp,+51 hp
BMW,3 Serie,F3x LCI - 06/2015 -> 2019,330e 252 hp,252 hp,305 hp,+53 hp
BMW,3 Serie,F3x LCI - 06/2015 -> 2019,330i 230 hp,230 hp,309 hp,+79 hp
BMW,3 Serie,F3x LCI - 06/2015 -> 2019,330i 252 hp,252 hp,305 hp,+53 hp
BMW,3 Serie,F3x LCI - 06/2015 -> 2019,335xd 313 hp,313 hp,358 hp,+45 hp
BMW,3 Serie,F3x LCI - 06/2015 -> 2019,340i 326 hp,326 hp,404 hp,+78 hp
BMW,3 Serie,F3x LCI - 06/2015 -> 2019,340i (PP) 360 hp,360 hp,404 hp,+44 hp
BMW,3 Serie,F3x LCI - 06/2015 -> 2019,M3 431 hp,431 hp,505 hp,+74 hp
BMW,3 Serie,F3x LCI - 06/2015 -> 2019,M3 Competition 450 hp,450 hp,501 hp,+51 hp
BMW,3 Serie,F3x LCI - 06/2015 -> 2019,M3 CS 460 hp,460 hp,500 hp,+40 hp
BMW,3 Serie,G2x - 03/2019 -> ...,318d 150 hp,150 hp,193 hp,+43 hp
BMW,3 Serie,G2x - 03/2019 -> ...,320d 190 hp,190 hp,225 hp,+35 hp
BMW,3 Serie,G2x - 03/2019 -> ...,320i 184 hp,184 hp,256 hp,+72 hp
BMW,3 Serie,G2x - 03/2019 -> ...,330d 265 hp,265 hp,307 hp,+42 hp
BMW,3 Serie,G2x - 03/2019 -> ...,330i 258 hp,258 hp,315 hp,+57 hp
BMW,3 Serie,G3x - 03/2019 -> ...,318d 150 hp,150 hp,187 hp,+37 hp
BMW,3 Serie,G3x - 03/2019 -> ...,320d 190 hp,190 hp,216 hp,+26 hp
BMW,3 Serie,G3x - 03/2019 -> ...,320i 184 hp,184 hp,264 hp,+80 hp
BMW,3 Serie,G3x - 03/2019 -> ...,330d 265 hp,265 hp,307 hp,+42 hp
BMW,3 Serie,G3x - 03/2019 -> ...,330i 258 hp,258 hp,306 hp,+48 hp
BMW,3 Serie GT,F34 - 2012 -> 2016,318d 136 hp,136 hp,187 hp,+51 hp
BMW,3 Serie GT,F34 - 2012 -> 2016,318d 143 hp,143 hp,191 hp,+48 hp
BMW,3 Serie GT,F34 - 2012 -> 2016,320d 163 hp,163 hp,216 hp,+53 hp
BMW,3 Serie GT,F34 - 2012 -> 2016,320d 184 hp,184 hp,225 hp,+41 hp
BMW,3 Serie GT,F34 - 2012 -> 2016,320i 184 hp,184 hp,263 hp,+79 hp
BMW,3 Serie GT,F34 - 2012 -> 2016,325d 218 hp,218 hp,272 hp,+54 hp
BMW,3 Serie GT,F34 - 2012 -> 2016,328i 245 hp,245 hp,288 hp,+43 hp
BMW,3 Serie GT,F34 - 2012 -> 2016,328i SULEV 245 hp,245 hp,285 hp,+40 hp
BMW,3 Serie GT,F34 - 2012 -> 2016,330d 258 hp,258 hp,312 hp,+54 hp
BMW,3 Serie GT,F34 - 2012 -> 2016,330d PP 286 hp,286 hp,314 hp,+28 hp
BMW,3 Serie GT,F34 - 2012 -> 2016,335d 313 hp,313 hp,363 hp,+50 hp
BMW,3 Serie GT,F34 - 2012 -> 2016,335i 306 hp,306 hp,361 hp,+55 hp
BMW,3 Serie GT,F34 LCI - 07/2016 -> ...,318d 150 hp,150 hp,194 hp,+44 hp
BMW,3 Serie GT,F34 LCI - 07/2016 -> ...,320d 163 hp,163 hp,215 hp,+52 hp
BMW,3 Serie GT,F34 LCI - 07/2016 -> ...,320d 190 hp,190 hp,219 hp,+29 hp
BMW,3 Serie GT,F34 LCI - 07/2016 -> ...,320i 184 hp,184 hp,259 hp,+75 hp
BMW,3 Serie GT,F34 LCI - 07/2016 -> ...,330d 258 hp,258 hp,314 hp,+56 hp
BMW,3 Serie GT,F34 LCI - 07/2016 -> ...,330i 252 hp,252 hp,308 hp,+56 hp
BMW,3 Serie GT,F34 LCI - 07/2016 -> ...,330i 230 hp,230 hp,307 hp,+77 hp
BMW,3 Serie GT,F34 LCI - 07/2016 -> ...,335d 313 hp,313 hp,361 hp,+48 hp
BMW,3 Serie GT,F34 LCI - 07/2016 -> ...,340i 326 hp,326 hp,395 hp,+69 hp
BMW,3 Serie GT,F34 LCI - 07/2016 -> ...,340i (PP) 360 hp,360 hp,419 hp,+59 hp
BMW,4 Serie,F32/33 - 2013 -> 2016,418d 150 hp,150 hp,191 hp,+41 hp
BMW,4 Serie,F32/33 - 2013 -> 2016,420d 163 hp,163 hp,216 hp,+53 hp
BMW,4 Serie,F32/33 - 2013 -> 2016,420d 184 hp,184 hp,220 hp,+36 hp
BMW,4 Serie,F32/33 - 2013 -> 2016,420d 190 hp,190 hp,217 hp,+27 hp
BMW,4 Serie,F32/33 - 2013 -> 2016,420d PP 200 hp,200 hp,219 hp,+19 hp
BMW,4 Serie,F32/33 - 2013 -> 2016,420i 184 hp,184 hp,255 hp,+71 hp
BMW,4 Serie,F32/33 - 2013 -> 2016,425d 218 hp,218 hp,274 hp,+56 hp
BMW,4 Serie,F32/33 - 2013 -> 2016,428i 245 hp,245 hp,295 hp,+50 hp
BMW,4 Serie,F32/33 - 2013 -> 2016,428i SULEV 245 hp,245 hp,291 hp,+46 hp
BMW,4 Serie,F32/33 - 2013 -> 2016,430d 258 hp,258 hp,314 hp,+56 hp
BMW,4 Serie,F32/33 - 2013 -> 2016,430d PP 286 hp,286 hp,313 hp,+27 hp
BMW,4 Serie,F32/33 - 2013 -> 2016,435d 313 hp,313 hp,358 hp,+45 hp
BMW,4 Serie,F32/33 - 2013 -> 2016,435i 306 hp,306 hp,363 hp,+57 hp
BMW,4 Serie,F32/33 - 2013 -> 2016,435i PP 339 hp,339 hp,369 hp,+30 hp
BMW,4 Serie,F32/33 - 2013 -> 2016,GTS 500 hp,500 hp,527 hp,+27 hp
BMW,4 Serie,F32/33 - 2013 -> 2016,M4 431 hp,431 hp,496 hp,+65 hp
BMW,4 Serie,F32/33 - 2013 -> 2016,M4 Competition 450 hp,450 hp,500 hp,+50 hp
BMW,4 Serie,F32/33 - 2013 -> 2016,M4 CS 460 hp,460 hp,502 hp,+42 hp
BMW,4 Serie,F32/33 LCI - 05/2016 -> ...,418d 150 hp,150 hp,193 hp,+43 hp
BMW,4 Serie,F32/33 LCI - 05/2016 -> ...,420d 163 hp,163 hp,222 hp,+59 hp
BMW,4 Serie,F32/33 LCI - 05/2016 -> ...,420d 184 hp,184 hp,215 hp,+31 hp
BMW,4 Serie,F32/33 LCI - 05/2016 -> ...,420d 190 hp,190 hp,222 hp,+32 hp
BMW,4 Serie,F32/33 LCI - 05/2016 -> ...,420i 184 hp,184 hp,259 hp,+75 hp
BMW,4 Serie,F32/33 LCI - 05/2016 -> ...,425d 224 hp,224 hp,266 hp,+42 hp
BMW,4 Serie,F32/33 LCI - 05/2016 -> ...,430d 258 hp,258 hp,310 hp,+52 hp
BMW,4 Serie,F32/33 LCI - 05/2016 -> ...,430i 252 hp,252 hp,307 hp,+55 hp
BMW,4 Serie,F32/33 LCI - 05/2016 -> ...,430i 230 hp,230 hp,312 hp,+82 hp
BMW,4 Serie,F32/33 LCI - 05/2016 -> ...,435d 313 hp,313 hp,360 hp,+47 hp
BMW,4 Serie,F32/33 LCI - 05/2016 -> ...,440i 326 hp,326 hp,397 hp,+71 hp
BMW,4 Serie,F32/33 LCI - 05/2016 -> ...,440i (PP) 360 hp,360 hp,401 hp,+41 hp
BMW,4 Serie,F32/33 LCI - 05/2016 -> ...,M4 431 hp,431 hp,502 hp,+71 hp
BMW,4 Serie,F32/33 LCI - 05/2016 -> ...,M4 Competition 450 hp,450 hp,501 hp,+51 hp
BMW,4 Serie,F32/33 LCI - 05/2016 -> ...,M4 CS 460 hp,460 hp,497 hp,+37 hp
BMW,4 Serie GC,F36 - 05/2016 > ...,418d 150 hp,150 hp,190 hp,+40 hp
BMW,4 Serie GC,F36 - 05/2016 > ...,420d 190 hp,190 hp,225 hp,+35 hp
BMW,4 Serie GC,F36 - 05/2016 > ...,420i 184 hp,184 hp,265 hp,+81 hp
BMW,4 Serie GC,F36 - 05/2016 > ...,425d 224 hp,224 hp,268 hp,+44 hp
BMW,4 Serie GC,F36 - 05/2016 > ...,430d 258 hp,258 hp,313 hp,+55 hp
BMW,4 Serie GC,F36 - 05/2016 > ...,430i 252 hp,252 hp,314 hp,+62 hp
BMW,4 Serie GC,F36 - 05/2016 > ...,430i 230 hp,230 hp,311 hp,+81 hp
BMW,4 Serie GC,F36 - 05/2016 > ...,435d 313 hp,313 hp,362 hp,+49 hp
BMW,4 Serie GC,F36 - 05/2016 > ...,440i 326 hp,326 hp,396 hp,+70 hp
BMW,4 Serie GC,F36 - 05/2016 > ...,440i PP 360 hp,360 hp,0 hp,+-360 hp
BMW,4 Serie GC,F36 - 2014 -> 2016,418d 136 hp,136 hp,191 hp,+55 hp
BMW,4 Serie GC,F36 - 2014 -> 2016,418d 143 hp,143 hp,191 hp,+48 hp
BMW,4 Serie GC,F36 - 2014 -> 2016,418d 150 hp,150 hp,193 hp,+43 hp
BMW,4 Serie GC,F36 - 2014 -> 2016,418i 136 hp,136 hp,160 hp,+24 hp
BMW,4 Serie GC,F36 - 2014 -> 2016,420d 163 hp,163 hp,218 hp,+55 hp
BMW,4 Serie GC,F36 - 2014 -> 2016,420d 184 hp,184 hp,224 hp,+40 hp
BMW,4 Serie GC,F36 - 2014 -> 2016,420d 190 hp,190 hp,219 hp,+29 hp
BMW,4 Serie GC,F36 - 2014 -> 2016,420i 184 hp,184 hp,263 hp,+79 hp
BMW,4 Serie GC,F36 - 2014 -> 2016,428i 245 hp,245 hp,295 hp,+50 hp
BMW,4 Serie GC,F36 - 2014 -> 2016,428i SULEV 245 hp,245 hp,291 hp,+46 hp
BMW,4 Serie GC,F36 - 2014 -> 2016,430d 258 hp,258 hp,314 hp,+56 hp
BMW,4 Serie GC,F36 - 2014 -> 2016,435d 313 hp,313 hp,355 hp,+42 hp
BMW,4 Serie GC,F36 - 2014 -> 2016,435i 306 hp,306 hp,363 hp,+57 hp
BMW,4 Serie GC,F36 - 2014 -> 2016,435i PP 339 hp,339 hp,363 hp,+24 hp
BMW,5 Serie,E39 - 1995 -> 2003,520d 125 hp,125 hp,167 hp,+42 hp
BMW,5 Serie,E39 - 1995 -> 2003,520d 136 hp,136 hp,168 hp,+32 hp
BMW,5 Serie,E39 - 1995 -> 2003,520d 150 hp,150 hp,180 hp,+30 hp
BMW,5 Serie,E39 - 1995 -> 2003,525d 163 hp,163 hp,194 hp,+31 hp
BMW,5 Serie,E39 - 1995 -> 2003,530d 184 hp,184 hp,224 hp,+40 hp
BMW,5 Serie,E39 - 1995 -> 2003,530d 193 hp,193 hp,217 hp,+24 hp
BMW,5 Serie,E39 - 1995 -> 2003,M5 400 hp,400 hp,429 hp,+29 hp
BMW,5 Serie,E6x - 2003 -> 2010,520d 150 hp,150 hp,205 hp,+55 hp
BMW,5 Serie,E6x - 2003 -> 2010,520d 177 hp,177 hp,214 hp,+37 hp
BMW,5 Serie,E6x - 2003 -> 2010,520d (... -> 05/2008) 163 hp,163 hp,205 hp,+42 hp
BMW,5 Serie,E6x - 2003 -> 2010,520d (06/2008 -> ...) 163 hp,163 hp,211 hp,+48 hp
BMW,5 Serie,E6x - 2003 -> 2010,520i 163 hp,163 hp,179 hp,+16 hp
BMW,5 Serie,E6x - 2003 -> 2010,523i 177 hp,177 hp,194 hp,+17 hp
BMW,5 Serie,E6x - 2003 -> 2010,525d 163 hp,163 hp,212 hp,+49 hp
BMW,5 Serie,E6x - 2003 -> 2010,525d 177 hp,177 hp,218 hp,+41 hp
BMW,5 Serie,E6x - 2003 -> 2010,525d 197 hp,197 hp,250 hp,+53 hp
BMW,5 Serie,E6x - 2003 -> 2010,525i 192 hp,192 hp,202 hp,+10 hp
BMW,5 Serie,E6x - 2003 -> 2010,525i - N52 218 hp,218 hp,237 hp,+19 hp
BMW,5 Serie,E6x - 2003 -> 2010,525i - N53 218 hp,218 hp,270 hp,+52 hp
BMW,5 Serie,E6x - 2003 -> 2010,530d 211 hp,211 hp,257 hp,+46 hp
BMW,5 Serie,E6x - 2003 -> 2010,530d 218 hp,218 hp,255 hp,+37 hp
BMW,5 Serie,E6x - 2003 -> 2010,530d 231 hp,231 hp,276 hp,+45 hp
BMW,5 Serie,E6x - 2003 -> 2010,530d 235 hp,235 hp,280 hp,+45 hp
